{"size":20,"num_average":3000,"walltime":10,"ncpus":30,"edge_density_multiplier":14.0,"num_density":21,"seed":9027657628601507290,"results":[[3.062,4.211333333333333,5.238666666666667,6.234333333333334,7.135,7.989,8.833666666666666,9.63,10.435333333333332,11.25,11.908666666666667,12.669666666666666,13.419666666666666,14.107666666666667,14.815666666666667,15.496666666666666,16.201,16.952666666666666,17.660666666666668,18.361333333333334,19.169],[0.7849560497250971,1.016204485108964,1.1606197578114241,1.305151800451654,1.3943128534634162,1.4720322686680556,1.5159155282827927,1.5859066807350437,1.6323249948735494,1.64017275512876,1.684535016620972,1.6408980942019669,1.651326705679096,1.6252408710369277,1.5744907818790854,1.5682226315871861,1.481417901876471,1.39848473554614,1.262610875219369,1.1509872091190128,0.8589367458278436],[20.0,19.992333333333335,19.945333333333334,19.812666666666665,19.581333333333333,19.347,19.122,18.879,18.66,18.530666666666665,18.379333333333335,18.246666666666666,18.114,18.048333333333332,17.942333333333334,17.902333333333335,17.847333333333335,17.771333333333335,17.685333333333332,17.644,17.555],[0.0,0.09096458407289762,0.26897005202974966,0.5062011018908911,0.7497009774273794,0.8763129197571753,0.9590530051392788,0.9901307994401574,1.03556747727996,1.0065085968612224,1.014284422087264,0.9807253551439246,0.9641943096008413,0.9588172691162649,0.9075651797835514,0.9147647542158444,0.8951868830336808,0.8673973842606592,0.8635111785932884,0.8378130260783997,0.832451199770888],[4.935333333333333,6.728666666666666,7.501666666666667,8.226,8.943333333333333,9.580333333333334,10.212333333333333,10.837333333333333,11.450666666666667,12.047333333333333,12.577,13.183,13.827333333333334,14.425666666666666,15.03,15.688666666666666,16.352333333333334,17.055333333333333,17.731,18.411333333333335,19.194333333333333],[1.6772452282106713,1.359060296266833,1.371859038758075,1.5347933628559578,1.5397366297159043,1.5938046374077048,1.5590321427803062,1.6008975260424916,1.6038182218969943,1.6107222672522448,1.6440005068936752,1.6040088320621797,1.6197282350924105,1.5938866194166905,1.5491180286429655,1.5193435717074877,1.4704402590909866,1.3811607034986542,1.250322225135043,1.1334923417866065,0.8512155360946284],[16.200333333333333,15.802,16.182333333333332,16.411,16.51033333333333,16.648666666666667,16.852666666666668,16.972,17.082666666666668,17.298333333333332,17.364333333333335,17.473666666666666,17.517,17.582333333333334,17.637333333333334,17.638333333333332,17.648,17.642666666666667,17.598333333333333,17.585333333333335,17.528],[1.1736836124877008,0.769499404374898,0.7714193988284751,0.8371055289906167,0.8480722584518146,0.9043772565816999,0.8949634381110276,0.92152916394436,0.9061822235192105,0.9088438932084002,0.9049463458619587,0.8629251931012879,0.8608393191143786,0.8441294661102341,0.8151520648866161,0.8239319686047268,0.8120525434559963,0.806833040694025,0.8211763242784983,0.8004487630212496,0.8143807463343069]],"time_results":[{"time_optimal":{"secs":0,"nanos":45159},"space_optimal_approximated":{"secs":4,"nanos":2662382},"full":null},{"time_optimal":{"secs":0,"nanos":19838},"space_optimal_approximated":{"secs":0,"nanos":186262672},"full":null},{"time_optimal":{"secs":0,"nanos":21933},"space_optimal_approximated":{"secs":0,"nanos":24239115},"full":null},{"time_optimal":{"secs":0,"nanos":24652},"space_optimal_approximated":{"secs":0,"nanos":8125857},"full":null},{"time_optimal":{"secs":0,"nanos":26292},"space_optimal_approximated":{"secs":0,"nanos":4405016},"full":null},{"time_optimal":{"secs":0,"nanos":26222},"space_optimal_approximated":{"secs":0,"nanos":3029157},"full":null},{"time_optimal":{"secs":0,"nanos":26300},"space_optimal_approximated":{"secs":0,"nanos":2511020},"full":null},{"time_optimal":{"secs":0,"nanos":26558},"space_optimal_approximated":{"secs":0,"nanos":2282978},"full":null},{"time_optimal":{"secs":0,"nanos":26364},"space_optimal_approximated":{"secs":0,"nanos":2163068},"full":null},{"time_optimal":{"secs":0,"nanos":26378},"space_optimal_approximated":{"secs":0,"nanos":2100133},"full":null},{"time_optimal":{"secs":0,"nanos":25630},"space_optimal_approximated":{"secs":0,"nanos":2033885},"full":null},{"time_optimal":{"secs":0,"nanos":26515},"space_optimal_approximated":{"secs":0,"nanos":2069998},"full":null},{"time_optimal":{"secs":0,"nanos":25335},"space_optimal_approximated":{"secs":0,"nanos":1980933},"full":null},{"time_optimal":{"secs":0,"nanos":25614},"space_optimal_approximated":{"secs":0,"nanos":2010078},"full":null},{"time_optimal":{"secs":0,"nanos":26000},"space_optimal_approximated":{"secs":0,"nanos":2004545},"full":null},{"time_optimal":{"secs":0,"nanos":24576},"space_optimal_approximated":{"secs":0,"nanos":1934747},"full":null},{"time_optimal":{"secs":0,"nanos":25311},"space_optimal_approximated":{"secs":0,"nanos":1943439},"full":null},{"time_optimal":{"secs":0,"nanos":25732},"space_optimal_approximated":{"secs":0,"nanos":1983515},"full":null},{"time_optimal":{"secs":0,"nanos":24808},"space_optimal_approximated":{"secs":0,"nanos":1943169},"full":null},{"time_optimal":{"secs":0,"nanos":23729},"space_optimal_approximated":{"secs":0,"nanos":1919616},"full":null},{"time_optimal":{"secs":0,"nanos":22937},"space_optimal_approximated":{"secs":0,"nanos":1947920},"full":null}]}