{"size":20,"num_average":3000,"walltime":10,"ncpus":30,"edge_density_multiplier":5.0,"num_density":21,"seed":6513444786553866161,"results":[[3.090333333333333,4.232,5.237666666666667,6.224666666666667,7.14,8.005666666666666,8.964333333333334,9.706,10.482,11.187,11.970333333333333,12.648666666666667,13.392666666666667,14.136,14.806333333333333,15.473333333333333,16.262333333333334,16.904,17.633666666666667,18.39666666666667,19.163333333333334],[0.8121000896167505,1.0093773658383156,1.172965425274296,1.2509429332396624,1.384581765973632,1.4536051351343435,1.5499659852898378,1.5873134536064268,1.6220386349693432,1.614939936963593,1.667369151954323,1.668301997707702,1.6512054855636942,1.6577607386672402,1.6067025929593328,1.5930962166659774,1.4900272555299887,1.4210737724223756,1.294913081596162,1.1535404438317505,0.8563423510619069],[19.709,18.839,17.610333333333333,16.370333333333335,15.5,14.912666666666667,14.578666666666667,14.213666666666667,14.018,13.797666666666666,13.665333333333333,13.561,13.458666666666666,13.316333333333333,13.191,13.180666666666667,13.091333333333333,13.055333333333333,12.936333333333334,12.888666666666667,12.789666666666667],[0.5827969915273694,1.238983050731522,1.763848034522486,1.8929306790148053,1.843004792903878,1.7199921188450034,1.6626720128222003,1.5397012336453044,1.5426198494768344,1.4924458300238448,1.4696932408574805,1.4376876109456793,1.4084121871415738,1.4046114132464473,1.4016129993689415,1.397626400564741,1.4020193373210768,1.410297210598615,1.3673380058428082,1.377777759856602,1.3752914438603876],[7.136333333333333,9.992333333333333,10.020666666666667,10.198333333333334,10.484666666666667,10.804333333333334,11.307666666666666,11.706,12.094333333333333,12.476,13.005,13.414666666666667,13.961666666666666,14.516333333333334,15.084666666666667,15.65,16.376333333333335,16.972666666666665,17.671333333333333,18.413333333333334,19.167],[3.107798774409676,1.9841726795372936,1.6945715945007922,1.681367664201435,1.6823886458115382,1.6785056515312218,1.6902685848376067,1.7026148517305082,1.6385261331113623,1.6468426356718502,1.6569977871640709,1.6108129072683148,1.5969336937463023,1.636581769692205,1.5832976838092216,1.5505375411987599,1.469934201097304,1.3932885160256243,1.283736040711718,1.1482547142898756,0.8538799681453915],[9.967333333333332,9.042,9.922666666666666,10.593,11.041666666666666,11.389333333333333,11.736,11.896333333333333,12.125,12.311333333333334,12.462333333333333,12.651,12.757666666666667,12.831,12.831666666666667,12.934666666666667,12.930333333333333,12.953333333333333,12.884666666666666,12.859333333333334,12.783],[2.088603893087963,1.323972305853357,1.313526889290396,1.3020564503891512,1.2821585532045399,1.2721711974241294,1.2885278421516357,1.3558219729087642,1.3873385791987958,1.4003826461205342,1.4148902980639555,1.4087343018941825,1.3907819942591881,1.3903617035385656,1.3906822865853319,1.3676250298317127,1.3912152561299997,1.3968376983585171,1.3567233403395926,1.3673135054632861,1.3720705764160526]],"time_results":[{"time_optimal":{"secs":0,"nanos":109716},"space_optimal_approximated":{"secs":4,"nanos":88938731},"full":null},{"time_optimal":{"secs":0,"nanos":38648},"space_optimal_approximated":{"secs":0,"nanos":213075603},"full":null},{"time_optimal":{"secs":0,"nanos":18102},"space_optimal_approximated":{"secs":0,"nanos":31108680},"full":null},{"time_optimal":{"secs":0,"nanos":12461},"space_optimal_approximated":{"secs":0,"nanos":8572568},"full":null},{"time_optimal":{"secs":0,"nanos":11172},"space_optimal_approximated":{"secs":0,"nanos":3942101},"full":null},{"time_optimal":{"secs":0,"nanos":11428},"space_optimal_approximated":{"secs":0,"nanos":2486241},"full":null},{"time_optimal":{"secs":0,"nanos":11740},"space_optimal_approximated":{"secs":0,"nanos":1540919},"full":null},{"time_optimal":{"secs":0,"nanos":12147},"space_optimal_approximated":{"secs":0,"nanos":1321158},"full":null},{"time_optimal":{"secs":0,"nanos":12343},"space_optimal_approximated":{"secs":0,"nanos":1167839},"full":null},{"time_optimal":{"secs":0,"nanos":12824},"space_optimal_approximated":{"secs":0,"nanos":1078550},"full":null},{"time_optimal":{"secs":0,"nanos":13148},"space_optimal_approximated":{"secs":0,"nanos":1015703},"full":null},{"time_optimal":{"secs":0,"nanos":13431},"space_optimal_approximated":{"secs":0,"nanos":968557},"full":null},{"time_optimal":{"secs":0,"nanos":13593},"space_optimal_approximated":{"secs":0,"nanos":973580},"full":null},{"time_optimal":{"secs":0,"nanos":13830},"space_optimal_approximated":{"secs":0,"nanos":938239},"full":null},{"time_optimal":{"secs":0,"nanos":13931},"space_optimal_approximated":{"secs":0,"nanos":983311},"full":null},{"time_optimal":{"secs":0,"nanos":13853},"space_optimal_approximated":{"secs":0,"nanos":969982},"full":null},{"time_optimal":{"secs":0,"nanos":13984},"space_optimal_approximated":{"secs":0,"nanos":985293},"full":null},{"time_optimal":{"secs":0,"nanos":13904},"space_optimal_approximated":{"secs":0,"nanos":929331},"full":null},{"time_optimal":{"secs":0,"nanos":13755},"space_optimal_approximated":{"secs":0,"nanos":952497},"full":null},{"time_optimal":{"secs":0,"nanos":13425},"space_optimal_approximated":{"secs":0,"nanos":948896},"full":null},{"time_optimal":{"secs":0,"nanos":12836},"space_optimal_approximated":{"secs":0,"nanos":924462},"full":null}]}