{"size":20,"num_average":3000,"walltime":10,"ncpus":30,"edge_density_multiplier":16.0,"num_density":21,"seed":14754795777878394353,"results":[[3.1083333333333334,4.2716666666666665,5.262666666666667,6.229333333333333,7.116,7.979333333333333,8.868333333333334,9.705,10.500666666666667,11.204,11.888,12.681666666666667,13.394333333333334,14.135666666666667,14.795333333333334,15.509333333333334,16.202333333333332,16.952,17.640333333333334,18.378666666666668,19.197],[0.7754120768268131,1.0121909679282624,1.1689052808314015,1.2829937212975344,1.3831885868046412,1.46158802525048,1.5525239307513083,1.5769088961213455,1.6391053115105891,1.6398325117726809,1.6745514822383514,1.6444848906437342,1.6464612220017774,1.6155271241575841,1.6033646566586697,1.586793272259769,1.5040150339083247,1.400129517818504,1.3100788356261361,1.1289869598695768,0.8572383954692085],[20.0,19.998666666666665,19.984333333333332,19.927333333333333,19.813,19.675,19.478666666666665,19.319666666666667,19.18,19.051666666666666,18.917,18.773333333333333,18.713666666666665,18.618,18.553333333333335,18.454333333333334,18.38,18.283333333333335,18.236666666666668,18.16,18.088333333333335],[0.0,0.03649048582241149,0.1369472729029545,0.30668043447355886,0.4830779785224542,0.6261323076368669,0.7634646175312936,0.8243057011139072,0.8545564151456947,0.8573197899396721,0.8802145571771952,0.8717542976983662,0.8627552118391016,0.8548348768426927,0.8393383637657059,0.8273942362756858,0.8316249154516491,0.7952288280041651,0.7827231666148206,0.7640244324191048,0.7433239909726713],[4.701333333333333,6.378333333333333,7.093,7.806,8.534333333333333,9.198,9.933333333333334,10.610333333333333,11.275,11.823666666666666,12.421333333333333,13.098,13.745666666666667,14.431666666666667,15.055666666666667,15.722666666666667,16.372333333333334,17.075666666666667,17.74266666666667,18.444666666666667,19.22533333333333],[1.4259961040931823,1.255334174189865,1.3377908406523624,1.4668665015376685,1.527357594744027,1.5507404682924844,1.6054767377809078,1.594937790497026,1.6200951618140729,1.6329645502037546,1.6310972448699121,1.6134009627698287,1.599056353673076,1.577338651723912,1.5669188094970172,1.5523378784558808,1.4675493934523083,1.3803168315845533,1.283918308235457,1.1112777430607559,0.8409666395814308],[17.001666666666665,16.688333333333333,17.021333333333335,17.244,17.333,17.465333333333334,17.593333333333334,17.723333333333333,17.842,17.967666666666666,18.036333333333335,18.092333333333332,18.143,18.158,18.163666666666668,18.158666666666665,18.154333333333334,18.127666666666666,18.113,18.087333333333333,18.058333333333334],[0.9870818383272706,0.7013300855438035,0.7345371936729121,0.7744658374217172,0.8087712902916523,0.8315436782808857,0.8477158853190204,0.8595282944085665,0.8424385239687476,0.8225698889591152,0.7952022104820488,0.7513152171728827,0.7288468060344967,0.7199787033887269,0.7015790919220928,0.6991601310779205,0.7036911412134084,0.7000246821045488,0.7011164905586975,0.7092528149789518,0.7245209145052731]],"time_results":[{"time_optimal":{"secs":0,"nanos":40134},"space_optimal_approximated":{"secs":4,"nanos":42258821},"full":null},{"time_optimal":{"secs":0,"nanos":11226},"space_optimal_approximated":{"secs":0,"nanos":159338982},"full":null},{"time_optimal":{"secs":0,"nanos":11224},"space_optimal_approximated":{"secs":0,"nanos":22620836},"full":null},{"time_optimal":{"secs":0,"nanos":10855},"space_optimal_approximated":{"secs":0,"nanos":3995320},"full":null},{"time_optimal":{"secs":0,"nanos":11357},"space_optimal_approximated":{"secs":0,"nanos":1524368},"full":null},{"time_optimal":{"secs":0,"nanos":11754},"space_optimal_approximated":{"secs":0,"nanos":1238833},"full":null},{"time_optimal":{"secs":0,"nanos":12398},"space_optimal_approximated":{"secs":0,"nanos":1070634},"full":null},{"time_optimal":{"secs":0,"nanos":12736},"space_optimal_approximated":{"secs":0,"nanos":963484},"full":null},{"time_optimal":{"secs":0,"nanos":13037},"space_optimal_approximated":{"secs":0,"nanos":879015},"full":null},{"time_optimal":{"secs":0,"nanos":13300},"space_optimal_approximated":{"secs":0,"nanos":861993},"full":null},{"time_optimal":{"secs":0,"nanos":13518},"space_optimal_approximated":{"secs":0,"nanos":922885},"full":null},{"time_optimal":{"secs":0,"nanos":13806},"space_optimal_approximated":{"secs":0,"nanos":850557},"full":null},{"time_optimal":{"secs":0,"nanos":13756},"space_optimal_approximated":{"secs":0,"nanos":886349},"full":null},{"time_optimal":{"secs":0,"nanos":13784},"space_optimal_approximated":{"secs":0,"nanos":940387},"full":null},{"time_optimal":{"secs":0,"nanos":13677},"space_optimal_approximated":{"secs":0,"nanos":860120},"full":null},{"time_optimal":{"secs":0,"nanos":13701},"space_optimal_approximated":{"secs":0,"nanos":858009},"full":null},{"time_optimal":{"secs":0,"nanos":13574},"space_optimal_approximated":{"secs":0,"nanos":855551},"full":null},{"time_optimal":{"secs":0,"nanos":13485},"space_optimal_approximated":{"secs":0,"nanos":843781},"full":null},{"time_optimal":{"secs":0,"nanos":13255},"space_optimal_approximated":{"secs":0,"nanos":844162},"full":null},{"time_optimal":{"secs":0,"nanos":13103},"space_optimal_approximated":{"secs":0,"nanos":860532},"full":null},{"time_optimal":{"secs":0,"nanos":12542},"space_optimal_approximated":{"secs":0,"nanos":956495},"full":null}]}