{"size":20,"num_average":3000,"walltime":10,"ncpus":30,"edge_density_multiplier":6.0,"num_density":21,"seed":9579536175448410671,"results":[[3.083,4.218333333333334,5.285,6.253,7.1146666666666665,8.077666666666667,8.885333333333334,9.666333333333334,10.461333333333334,11.260666666666667,11.998333333333333,12.643666666666666,13.425333333333333,14.134,14.850666666666667,15.469666666666667,16.187333333333335,16.905666666666665,17.668,18.384666666666668,19.141333333333332],[0.7655788659569958,1.0039906484734975,1.1692340797861367,1.327525643192383,1.4239094852630918,1.5133741183931357,1.554193753115166,1.592168297916068,1.623321149851591,1.6064618126664285,1.694204992188223,1.6978495876320174,1.6189785531487397,1.6289190689942854,1.572799909573835,1.5704818439645276,1.515114810464478,1.4055015316802573,1.2708695186105035,1.1207281363272648,0.8617955416196702],[19.855,19.279666666666667,18.253666666666668,17.279333333333334,16.489333333333335,15.836666666666666,15.443,15.170333333333334,14.925666666666666,14.672666666666666,14.549333333333333,14.394666666666666,14.344666666666667,14.219666666666667,14.140333333333333,14.057,13.99,13.882666666666667,13.842666666666666,13.698666666666666,13.710333333333333],[0.4049382669000355,1.0182271630415043,1.57564374851114,1.7929415929013297,1.7746040559954601,1.6631262396128852,1.5885268857235741,1.5110658122295104,1.4758527102059473,1.4140436894083541,1.394118439094104,1.3474314659957936,1.33736241244556,1.3525580291515076,1.359401788369516,1.3078293721532017,1.3246005687250446,1.309796252179025,1.2940554685003125,1.2909421193669164,1.2784469310673634],[6.898333333333333,9.414333333333333,9.724333333333334,9.910666666666666,10.262333333333334,10.671,11.141333333333334,11.565666666666667,12.078,12.491,12.972333333333333,13.383666666666667,13.981333333333334,14.548666666666668,15.110666666666667,15.642666666666667,16.312666666666665,16.966333333333335,17.701,18.396,19.147],[2.9371182967134417,1.8631499909800497,1.6377854628192845,1.6149363936562735,1.6539391027349113,1.6846638636040348,1.6673406637183805,1.707928927743251,1.6806494776325436,1.6475999716760013,1.654761177800447,1.6467543498921988,1.5623651586261451,1.5929945246470867,1.5326729012487332,1.545201029711766,1.4882561010196247,1.3930302301896318,1.259999603174569,1.115579371149057,0.8583264724644868],[10.981333333333334,10.176666666666666,10.936,11.621333333333334,12.029666666666667,12.362,12.573,12.808,12.983333333333333,13.214,13.361,13.521666666666667,13.635,13.674666666666667,13.784333333333333,13.803666666666667,13.820666666666666,13.789,13.791666666666666,13.678666666666667,13.703],[2.010551720852335,1.2415536861350578,1.2486942513415002,1.188252872451348,1.192806168476483,1.2073204490385654,1.228551043573968,1.2909180196020713,1.3139211882334771,1.343454750509572,1.3203581584807427,1.3387297046910582,1.3182469419649636,1.32167503149938,1.3225560689647669,1.2875506031048198,1.3068433554009267,1.2860063504249495,1.2895466472972403,1.288957546064099,1.2793713299898442]],"time_results":[{"time_optimal":{"secs":0,"nanos":98927},"space_optimal_approximated":{"secs":4,"nanos":83507157},"full":null},{"time_optimal":{"secs":0,"nanos":31014},"space_optimal_approximated":{"secs":0,"nanos":173367498},"full":null},{"time_optimal":{"secs":0,"nanos":15559},"space_optimal_approximated":{"secs":0,"nanos":24742179},"full":null},{"time_optimal":{"secs":0,"nanos":12410},"space_optimal_approximated":{"secs":0,"nanos":6790059},"full":null},{"time_optimal":{"secs":0,"nanos":11328},"space_optimal_approximated":{"secs":0,"nanos":2998370},"full":null},{"time_optimal":{"secs":0,"nanos":11467},"space_optimal_approximated":{"secs":0,"nanos":1792053},"full":null},{"time_optimal":{"secs":0,"nanos":12120},"space_optimal_approximated":{"secs":0,"nanos":1516205},"full":null},{"time_optimal":{"secs":0,"nanos":12488},"space_optimal_approximated":{"secs":0,"nanos":1180733},"full":null},{"time_optimal":{"secs":0,"nanos":13000},"space_optimal_approximated":{"secs":0,"nanos":1176895},"full":null},{"time_optimal":{"secs":0,"nanos":13132},"space_optimal_approximated":{"secs":0,"nanos":1069770},"full":null},{"time_optimal":{"secs":0,"nanos":13407},"space_optimal_approximated":{"secs":0,"nanos":1002458},"full":null},{"time_optimal":{"secs":0,"nanos":13709},"space_optimal_approximated":{"secs":0,"nanos":1001299},"full":null},{"time_optimal":{"secs":0,"nanos":13876},"space_optimal_approximated":{"secs":0,"nanos":986402},"full":null},{"time_optimal":{"secs":0,"nanos":14058},"space_optimal_approximated":{"secs":0,"nanos":974187},"full":null},{"time_optimal":{"secs":0,"nanos":14045},"space_optimal_approximated":{"secs":0,"nanos":968816},"full":null},{"time_optimal":{"secs":0,"nanos":14063},"space_optimal_approximated":{"secs":0,"nanos":949940},"full":null},{"time_optimal":{"secs":0,"nanos":14067},"space_optimal_approximated":{"secs":0,"nanos":986107},"full":null},{"time_optimal":{"secs":0,"nanos":13825},"space_optimal_approximated":{"secs":0,"nanos":958026},"full":null},{"time_optimal":{"secs":0,"nanos":13702},"space_optimal_approximated":{"secs":0,"nanos":980927},"full":null},{"time_optimal":{"secs":0,"nanos":13336},"space_optimal_approximated":{"secs":0,"nanos":939826},"full":null},{"time_optimal":{"secs":0,"nanos":12937},"space_optimal_approximated":{"secs":0,"nanos":955284},"full":null}]}