{"size":20,"num_average":3000,"walltime":10,"ncpus":30,"edge_density_multiplier":7.0,"num_density":21,"seed":17604062427994711958,"results":[[3.086,4.2026666666666666,5.266333333333334,6.239333333333334,7.142333333333333,8.015666666666666,8.846,9.682333333333334,10.429333333333334,11.213,11.964666666666666,12.632666666666667,13.401,14.073,14.775333333333334,15.490333333333334,16.215333333333334,16.905,17.627,18.404333333333334,19.174],[0.776275724211431,0.9644996399976263,1.1826805241578173,1.3033493605152724,1.4021678057762976,1.48596362300326,1.5527236285529284,1.5674037627731803,1.6371742593736116,1.624694125058628,1.6661587225978345,1.6859417414476576,1.6795432910963237,1.5998971841965262,1.628555051435348,1.573289512101591,1.4978756809413656,1.431074770932668,1.2868065122620485,1.1243581378823384,0.8697072304325457],[19.937333333333335,19.573,18.851333333333333,17.953666666666667,17.183333333333334,16.616666666666667,16.123666666666665,15.885333333333334,15.547,15.475,15.327,15.164,15.062333333333333,15.019,14.948333333333334,14.793,14.741,14.668666666666667,14.585,14.492,14.448666666666666],[0.2721633496429912,0.7571906409000659,1.2829256495300962,1.5735903391783763,1.6979562878812722,1.6009545763560948,1.509207260635711,1.4717964835155959,1.388209038053441,1.349583269013083,1.333443287132971,1.322788972839827,1.3103871777286187,1.2722574425013113,1.2445871693948158,1.2759902037241582,1.2595974224595448,1.2533494679812447,1.2264209445917549,1.2255349852207504,1.206937538658153],[6.445666666666667,8.959666666666667,9.342666666666666,9.705,10.014666666666667,10.552,11.048666666666668,11.494,11.925666666666666,12.433333333333334,12.919333333333332,13.384666666666666,13.972,14.472666666666667,15.059666666666667,15.689666666666668,16.339,16.98,17.659333333333333,18.415333333333333,19.178333333333335],[2.6661547633665696,1.7561434704740932,1.5737152078935934,1.61574802078376,1.647963861523948,1.7025361474380922,1.6945889045888198,1.6532686815316449,1.6811130902536682,1.6466801618880214,1.6462562241508996,1.6504640424909602,1.61158803668928,1.580269878498273,1.5826475356889298,1.536454757622928,1.462900885227728,1.4164274307802003,1.272771080054152,1.1201926421627528,0.8663316660237939],[12.009,11.142333333333333,11.916666666666666,12.449666666666667,12.824666666666667,13.081666666666667,13.25,13.559,13.709,13.946333333333333,14.155666666666667,14.236,14.351,14.486,14.558,14.540666666666667,14.57,14.561333333333334,14.535333333333334,14.474333333333334,14.441666666666666],[1.8859795863158515,1.2135654997659566,1.1577516525096838,1.138478468053844,1.1316322527904115,1.141781016171184,1.1719641632746285,1.1806152350928412,1.2882749447743351,1.2725773934115956,1.270735176537129,1.2874926537007259,1.263249381555367,1.2346945641196674,1.2304346115634928,1.2405695824454683,1.2397983707038898,1.230001987351599,1.2190508147279442,1.2179249657602937,1.2049608107965748]],"time_results":[{"time_optimal":{"secs":0,"nanos":93793},"space_optimal_approximated":{"secs":3,"nanos":991760565},"full":null},{"time_optimal":{"secs":0,"nanos":33741},"space_optimal_approximated":{"secs":0,"nanos":206565678},"full":null},{"time_optimal":{"secs":0,"nanos":28186},"space_optimal_approximated":{"secs":0,"nanos":29039992},"full":null},{"time_optimal":{"secs":0,"nanos":26157},"space_optimal_approximated":{"secs":0,"nanos":10235968},"full":null},{"time_optimal":{"secs":0,"nanos":27316},"space_optimal_approximated":{"secs":0,"nanos":6369090},"full":null},{"time_optimal":{"secs":0,"nanos":26631},"space_optimal_approximated":{"secs":0,"nanos":4115979},"full":null},{"time_optimal":{"secs":0,"nanos":26849},"space_optimal_approximated":{"secs":0,"nanos":3032926},"full":null},{"time_optimal":{"secs":0,"nanos":26623},"space_optimal_approximated":{"secs":0,"nanos":2574160},"full":null},{"time_optimal":{"secs":0,"nanos":26405},"space_optimal_approximated":{"secs":0,"nanos":2385948},"full":null},{"time_optimal":{"secs":0,"nanos":26281},"space_optimal_approximated":{"secs":0,"nanos":2241724},"full":null},{"time_optimal":{"secs":0,"nanos":24421},"space_optimal_approximated":{"secs":0,"nanos":2107581},"full":null},{"time_optimal":{"secs":0,"nanos":25902},"space_optimal_approximated":{"secs":0,"nanos":2073710},"full":null},{"time_optimal":{"secs":0,"nanos":25189},"space_optimal_approximated":{"secs":0,"nanos":2002378},"full":null},{"time_optimal":{"secs":0,"nanos":25990},"space_optimal_approximated":{"secs":0,"nanos":2020848},"full":null},{"time_optimal":{"secs":0,"nanos":25610},"space_optimal_approximated":{"secs":0,"nanos":2009937},"full":null},{"time_optimal":{"secs":0,"nanos":25461},"space_optimal_approximated":{"secs":0,"nanos":2004862},"full":null},{"time_optimal":{"secs":0,"nanos":25157},"space_optimal_approximated":{"secs":0,"nanos":1985181},"full":null},{"time_optimal":{"secs":0,"nanos":24882},"space_optimal_approximated":{"secs":0,"nanos":1977670},"full":null},{"time_optimal":{"secs":0,"nanos":25520},"space_optimal_approximated":{"secs":0,"nanos":2025958},"full":null},{"time_optimal":{"secs":0,"nanos":23247},"space_optimal_approximated":{"secs":0,"nanos":1938776},"full":null},{"time_optimal":{"secs":0,"nanos":22415},"space_optimal_approximated":{"secs":0,"nanos":2003492},"full":null}]}