{"size":20,"num_average":3000,"walltime":10,"ncpus":30,"edge_density_multiplier":8.0,"num_density":21,"seed":1524664709356421402,"results":[[3.086,4.252,5.222,6.253666666666667,7.119666666666666,8.031,8.828666666666667,9.677333333333333,10.433666666666667,11.171333333333333,11.913,12.705,13.418666666666667,14.103333333333333,14.796333333333333,15.517,16.170666666666666,16.880666666666666,17.604,18.389666666666667,19.142333333333333],[0.7920042087430139,1.024937071239024,1.1266688362898467,1.2855556083741457,1.3916464669192632,1.4578656773973708,1.5838702247624061,1.5536686333392316,1.6495251505273347,1.6846299956436286,1.6621565309360784,1.6490325446555991,1.67850674377223,1.6386952804661956,1.6160197674808598,1.5145002476064442,1.4567794006719808,1.4275011578123336,1.29248494510897,1.1050610340107416,0.8668378677058983],[19.973,19.744,19.232,18.464333333333332,17.772,17.247666666666667,16.847666666666665,16.495333333333335,16.27,16.08,15.935666666666666,15.747,15.706333333333333,15.590666666666667,15.505666666666666,15.419333333333332,15.370666666666667,15.322333333333333,15.25,15.176333333333334,15.087333333333333],[0.1681398227666523,0.5857735626218127,1.0783518287955454,1.4322690234573883,1.5373188782205447,1.5322079565849165,1.4554934634762966,1.4101932097726675,1.3734749117961371,1.3143819840518374,1.2544033995844008,1.244316813891603,1.2190542326829623,1.2181049033459914,1.2046996398365277,1.173382385338311,1.1627293561080911,1.1569073236675433,1.165690067442171,1.1572553257120834,1.1432583065762425],[6.259,8.623333333333333,8.999333333333333,9.418,9.928666666666667,10.445666666666666,10.915666666666667,11.430666666666667,11.938333333333333,12.397333333333334,12.877666666666666,13.432333333333334,13.96,14.511666666666667,15.053,15.701666666666666,16.294,16.951666666666668,17.640333333333334,18.406333333333333,19.147333333333332],[2.527433282996779,1.6575450387713524,1.5026641526154694,1.6047666497033313,1.626933174889364,1.6576231645206834,1.676470863318396,1.6241488711184895,1.6349915052446866,1.6629670939485564,1.6209157562590764,1.5987769978608415,1.6144348856488375,1.5920209029895058,1.5676493017678756,1.4901892124454794,1.4337238227775841,1.4137410968380586,1.2799634977434042,1.0984352001319582,0.8646538164041052],[12.770333333333333,12.051666666666666,12.716333333333333,13.241333333333333,13.488666666666667,13.743,13.959333333333333,14.152333333333333,14.356333333333334,14.548,14.738,14.839666666666666,15.008666666666667,15.062,15.167,15.167,15.207,15.230666666666666,15.194,15.151333333333334,15.080666666666668],[1.8608922292515657,1.118181807916555,1.081911836621758,1.0679067791192673,1.0816060075441167,1.0805635875165658,1.1199759918061727,1.162093465355618,1.1840720229595632,1.2169754859212658,1.208589811860636,1.237723672266503,1.1701530764059147,1.2064366263228754,1.1937801305097915,1.1623730038158917,1.1590877159789676,1.135837234035854,1.1403350384865063,1.1464866137707612,1.1379043115404075]],"time_results":[{"time_optimal":{"secs":0,"nanos":81086},"space_optimal_approximated":{"secs":3,"nanos":957708855},"full":null},{"time_optimal":{"secs":0,"nanos":28082},"space_optimal_approximated":{"secs":0,"nanos":170844023},"full":null},{"time_optimal":{"secs":0,"nanos":25032},"space_optimal_approximated":{"secs":0,"nanos":25351222},"full":null},{"time_optimal":{"secs":0,"nanos":24677},"space_optimal_approximated":{"secs":0,"nanos":9363199},"full":null},{"time_optimal":{"secs":0,"nanos":25500},"space_optimal_approximated":{"secs":0,"nanos":5186725},"full":null},{"time_optimal":{"secs":0,"nanos":25213},"space_optimal_approximated":{"secs":0,"nanos":3495339},"full":null},{"time_optimal":{"secs":0,"nanos":26750},"space_optimal_approximated":{"secs":0,"nanos":2803669},"full":null},{"time_optimal":{"secs":0,"nanos":25969},"space_optimal_approximated":{"secs":0,"nanos":2299451},"full":null},{"time_optimal":{"secs":0,"nanos":26005},"space_optimal_approximated":{"secs":0,"nanos":2046871},"full":null},{"time_optimal":{"secs":0,"nanos":27076},"space_optimal_approximated":{"secs":0,"nanos":2016349},"full":null},{"time_optimal":{"secs":0,"nanos":26091},"space_optimal_approximated":{"secs":0,"nanos":1917764},"full":null},{"time_optimal":{"secs":0,"nanos":26666},"space_optimal_approximated":{"secs":0,"nanos":2019760},"full":null},{"time_optimal":{"secs":0,"nanos":26664},"space_optimal_approximated":{"secs":0,"nanos":2010230},"full":null},{"time_optimal":{"secs":0,"nanos":26349},"space_optimal_approximated":{"secs":0,"nanos":2008611},"full":null},{"time_optimal":{"secs":0,"nanos":25399},"space_optimal_approximated":{"secs":0,"nanos":2016347},"full":null},{"time_optimal":{"secs":0,"nanos":25910},"space_optimal_approximated":{"secs":0,"nanos":1935327},"full":null},{"time_optimal":{"secs":0,"nanos":25433},"space_optimal_approximated":{"secs":0,"nanos":2014194},"full":null},{"time_optimal":{"secs":0,"nanos":24615},"space_optimal_approximated":{"secs":0,"nanos":1844635},"full":null},{"time_optimal":{"secs":0,"nanos":25134},"space_optimal_approximated":{"secs":0,"nanos":1883264},"full":null},{"time_optimal":{"secs":0,"nanos":24829},"space_optimal_approximated":{"secs":0,"nanos":1900006},"full":null},{"time_optimal":{"secs":0,"nanos":23320},"space_optimal_approximated":{"secs":0,"nanos":1850026},"full":null}]}