{"size":20,"num_average":3000,"walltime":10,"ncpus":30,"edge_density_multiplier":2.0,"num_density":21,"seed":17859896339946329519,"results":[[3.076,4.245333333333333,5.253333333333333,6.223,7.133666666666667,8.020333333333333,8.783666666666667,9.634,10.431,11.230333333333334,11.973333333333333,12.696666666666667,13.396666666666667,14.101,14.803,15.535333333333334,16.209333333333333,16.924,17.648,18.39,19.143],[0.7773184675536718,0.9932161004646685,1.1537571475642372,1.2677819213098243,1.4193190464288095,1.4671695728699914,1.531731010618038,1.5943788759262612,1.6612963813439772,1.6848184537872877,1.6182157526801302,1.6655296121320773,1.659112882101624,1.6186822830108734,1.5875109448441573,1.5392914675987124,1.5075961734570205,1.4005560800386796,1.3013183059241715,1.120966844588477,0.8678811362546717],[17.945,15.452333333333334,13.367666666666667,11.976333333333333,11.216,10.502666666666666,10.122,9.867666666666667,9.658,9.400333333333334,9.31,9.206666666666667,9.056,9.008333333333333,8.847333333333333,8.815333333333333,8.732666666666667,8.66,8.563666666666666,8.463,8.366666666666667],[1.5857621721641155,2.190980272744488,2.2526624001143416,2.0961329209337367,1.9402776433627698,1.7836272654964287,1.7052221751627172,1.6176591798714124,1.6038607587110918,1.6149509452474387,1.637650756419075,1.571184973904153,1.611065072139162,1.5869038688240935,1.5586402906237165,1.582792328625426,1.5398699800812834,1.5426384324699542,1.5586147339509044,1.5686398566911457,1.5477582354992014],[8.201666666666666,11.542,11.495666666666667,11.375333333333334,11.323,11.460333333333333,11.722666666666667,12.003333333333334,12.395333333333333,12.807666666666666,13.153666666666666,13.612,14.038666666666666,14.564333333333334,15.139666666666667,15.764,16.342,16.990333333333332,17.681333333333335,18.413333333333334,19.146],[3.727599391327118,2.4114109286197274,2.1227296630099217,1.9848908170364283,1.8781207806386238,1.809537663480798,1.8041857504764414,1.73877031899621,1.7434768583366989,1.7383923288167271,1.6593331659300983,1.6677697682833876,1.651213156708984,1.5970372221363134,1.5470918596587084,1.4976550559680561,1.4822401964593972,1.3893307341626395,1.2906528924884728,1.1110755549866607,0.8679577562685049],[5.734,4.744666666666666,5.494666666666666,6.178333333333334,6.754666666666667,7.0873333333333335,7.376333333333333,7.660666666666667,7.88,7.991,8.183666666666667,8.351333333333333,8.429666666666666,8.516666666666667,8.483,8.56,8.573333333333334,8.571666666666667,8.518,8.434333333333333,8.361666666666666],[2.023011945919581,1.153605170276593,1.286586526001602,1.3398497013553996,1.4386839665317517,1.4842639777194533,1.5079920055785792,1.4810535289298492,1.5423791146580288,1.5881600465108767,1.5796412743264097,1.559668198332213,1.5561876136535828,1.5587566270018582,1.5608900238859393,1.5888360519575333,1.5448696457055116,1.537594622201234,1.5581001251523856,1.5749141422806363,1.5499023266716407]],"time_results":[{"time_optimal":{"secs":0,"nanos":130150},"space_optimal_approximated":{"secs":3,"nanos":766013501},"full":null},{"time_optimal":{"secs":0,"nanos":58060},"space_optimal_approximated":{"secs":0,"nanos":292378217},"full":null},{"time_optimal":{"secs":0,"nanos":34044},"space_optimal_approximated":{"secs":0,"nanos":86576457},"full":null},{"time_optimal":{"secs":0,"nanos":27806},"space_optimal_approximated":{"secs":0,"nanos":36832616},"full":null},{"time_optimal":{"secs":0,"nanos":26816},"space_optimal_approximated":{"secs":0,"nanos":23757149},"full":null},{"time_optimal":{"secs":0,"nanos":27010},"space_optimal_approximated":{"secs":0,"nanos":13130149},"full":null},{"time_optimal":{"secs":0,"nanos":26690},"space_optimal_approximated":{"secs":0,"nanos":8426153},"full":null},{"time_optimal":{"secs":0,"nanos":28167},"space_optimal_approximated":{"secs":0,"nanos":6016624},"full":null},{"time_optimal":{"secs":0,"nanos":28186},"space_optimal_approximated":{"secs":0,"nanos":4168256},"full":null},{"time_optimal":{"secs":0,"nanos":27868},"space_optimal_approximated":{"secs":0,"nanos":3296030},"full":null},{"time_optimal":{"secs":0,"nanos":27627},"space_optimal_approximated":{"secs":0,"nanos":2817281},"full":null},{"time_optimal":{"secs":0,"nanos":27125},"space_optimal_approximated":{"secs":0,"nanos":2472526},"full":null},{"time_optimal":{"secs":0,"nanos":27109},"space_optimal_approximated":{"secs":0,"nanos":2313020},"full":null},{"time_optimal":{"secs":0,"nanos":25896},"space_optimal_approximated":{"secs":0,"nanos":2113818},"full":null},{"time_optimal":{"secs":0,"nanos":26197},"space_optimal_approximated":{"secs":0,"nanos":2092208},"full":null},{"time_optimal":{"secs":0,"nanos":25081},"space_optimal_approximated":{"secs":0,"nanos":1955019},"full":null},{"time_optimal":{"secs":0,"nanos":24572},"space_optimal_approximated":{"secs":0,"nanos":1945905},"full":null},{"time_optimal":{"secs":0,"nanos":25410},"space_optimal_approximated":{"secs":0,"nanos":1931418},"full":null},{"time_optimal":{"secs":0,"nanos":24952},"space_optimal_approximated":{"secs":0,"nanos":1922438},"full":null},{"time_optimal":{"secs":0,"nanos":23034},"space_optimal_approximated":{"secs":0,"nanos":1887574},"full":null},{"time_optimal":{"secs":0,"nanos":23150},"space_optimal_approximated":{"secs":0,"nanos":1924897},"full":null}]}