{"size":20,"num_average":3000,"walltime":10,"ncpus":30,"edge_density_multiplier":4.0,"num_density":21,"seed":7126322547935556332,"results":[[3.082,4.214,5.232666666666667,6.233333333333333,7.170333333333334,8.025,8.87,9.602,10.429,11.199,11.996333333333334,12.694333333333333,13.459,14.072,14.818666666666667,15.529,16.165666666666667,16.91433333333333,17.703,18.423,19.170333333333332],[0.7928488716857462,0.9758094076201629,1.1592524411111722,1.2636806910327023,1.417739946377864,1.4729929848214918,1.5030302724828888,1.5967454399496601,1.602381248850193,1.6309707743140878,1.632886979827107,1.6672036135063975,1.6644275292123563,1.6434159546505538,1.6009741478931603,1.5579342091371602,1.510922860006055,1.4274667149262092,1.3003041951789525,1.1186618494135678,0.8551724322549682],[19.469333333333335,18.156,16.613,15.358666666666666,14.354,13.816666666666666,13.363666666666667,13.172666666666666,12.897,12.764333333333333,12.547333333333333,12.472333333333333,12.325,12.251,12.173,12.045666666666667,12.034333333333333,11.938,11.785333333333334,11.676666666666666,11.647333333333334],[0.8077084182357304,1.5533825457154242,1.9822287960778147,2.0550810743672083,1.8882136178586002,1.8045467267125372,1.6763292901124365,1.6234283339758429,1.6028280215502362,1.5712398147818105,1.529191362198397,1.5101549221483452,1.5104221264269064,1.4888470931115472,1.5008012304543532,1.4429996149995559,1.4433137412065107,1.453555181844382,1.4347769474342973,1.4387919315252713,1.4772585721155316],[7.367666666666667,10.531333333333333,10.545666666666667,10.518666666666666,10.724666666666666,10.956,11.325333333333333,11.687,12.096666666666666,12.544,13.026,13.503,14.032333333333334,14.496333333333334,15.117333333333333,15.696,16.281,16.985,17.737333333333332,18.437666666666665,19.173333333333332],[3.3089506728803615,2.0695454143899403,1.8138121610452396,1.6973464257153996,1.7113907275143914,1.6876208104903236,1.7039634842201117,1.6331047118908277,1.6812660573376004,1.6391249698136832,1.6167840507212585,1.6231628589475173,1.6142969229839763,1.602701850695327,1.5803690145729377,1.5397783390258983,1.4886366245662648,1.4050296556775348,1.2833574023716994,1.1130054906523297,0.8535937102757016],[8.784333333333333,7.8213333333333335,8.618,9.426666666666666,9.902333333333333,10.317,10.549666666666667,10.828333333333333,11.088333333333333,11.261666666666667,11.411333333333333,11.543666666666667,11.655,11.736333333333333,11.796666666666667,11.831333333333333,11.879333333333333,11.836666666666666,11.734333333333334,11.655,11.643],[2.139895921664313,1.2694138629917286,1.3493489788289306,1.3493043475147688,1.3716636694985358,1.3966069597421022,1.393389113715979,1.4175791179174544,1.4523075508383922,1.4775646253962038,1.4940342105260704,1.4701790896198785,1.4776022243260571,1.4785623272475061,1.4685556017923322,1.440214644496507,1.425285780310567,1.4373548235870262,1.4388958343890954,1.4313076771493416,1.4745228606795437]],"time_results":[{"time_optimal":{"secs":0,"nanos":136903},"space_optimal_approximated":{"secs":4,"nanos":117959468},"full":null},{"time_optimal":{"secs":0,"nanos":52206},"space_optimal_approximated":{"secs":0,"nanos":219472677},"full":null},{"time_optimal":{"secs":0,"nanos":33176},"space_optimal_approximated":{"secs":0,"nanos":48378136},"full":null},{"time_optimal":{"secs":0,"nanos":29747},"space_optimal_approximated":{"secs":0,"nanos":19577676},"full":null},{"time_optimal":{"secs":0,"nanos":26189},"space_optimal_approximated":{"secs":0,"nanos":10471141},"full":null},{"time_optimal":{"secs":0,"nanos":26915},"space_optimal_approximated":{"secs":0,"nanos":7088428},"full":null},{"time_optimal":{"secs":0,"nanos":28262},"space_optimal_approximated":{"secs":0,"nanos":4981263},"full":null},{"time_optimal":{"secs":0,"nanos":28230},"space_optimal_approximated":{"secs":0,"nanos":3656743},"full":null},{"time_optimal":{"secs":0,"nanos":27566},"space_optimal_approximated":{"secs":0,"nanos":2957645},"full":null},{"time_optimal":{"secs":0,"nanos":27683},"space_optimal_approximated":{"secs":0,"nanos":2557167},"full":null},{"time_optimal":{"secs":0,"nanos":28259},"space_optimal_approximated":{"secs":0,"nanos":2429556},"full":null},{"time_optimal":{"secs":0,"nanos":27188},"space_optimal_approximated":{"secs":0,"nanos":2254247},"full":null},{"time_optimal":{"secs":0,"nanos":27133},"space_optimal_approximated":{"secs":0,"nanos":2152941},"full":null},{"time_optimal":{"secs":0,"nanos":26667},"space_optimal_approximated":{"secs":0,"nanos":2098200},"full":null},{"time_optimal":{"secs":0,"nanos":25617},"space_optimal_approximated":{"secs":0,"nanos":1999785},"full":null},{"time_optimal":{"secs":0,"nanos":26422},"space_optimal_approximated":{"secs":0,"nanos":2042715},"full":null},{"time_optimal":{"secs":0,"nanos":25961},"space_optimal_approximated":{"secs":0,"nanos":2000763},"full":null},{"time_optimal":{"secs":0,"nanos":25723},"space_optimal_approximated":{"secs":0,"nanos":1968814},"full":null},{"time_optimal":{"secs":0,"nanos":25752},"space_optimal_approximated":{"secs":0,"nanos":1968689},"full":null},{"time_optimal":{"secs":0,"nanos":24233},"space_optimal_approximated":{"secs":0,"nanos":1949412},"full":null},{"time_optimal":{"secs":0,"nanos":23399},"space_optimal_approximated":{"secs":0,"nanos":1977558},"full":null}]}