{"size":20,"num_average":3000,"walltime":10,"ncpus":30,"edge_density_multiplier":10.0,"num_density":21,"seed":15201626912781406861,"results":[[3.0763333333333334,4.219,5.243,6.2476666666666665,7.116666666666666,8.066,8.859,9.636666666666667,10.439,11.179666666666666,11.901666666666667,12.656666666666666,13.375666666666667,14.082666666666666,14.817,15.538666666666666,16.177333333333333,16.923666666666666,17.63233333333333,18.381,19.188666666666666],[0.7872991101791683,0.9850747856550635,1.1865711103848773,1.3347888305728954,1.3790294493672823,1.4533790512686837,1.5454618511413831,1.583242102634837,1.597585365481303,1.6822762027153237,1.6645311318473346,1.6585502370711807,1.6339750780093116,1.6103310908698576,1.6277318575244986,1.566473179541282,1.492610539364587,1.416512109215999,1.297107508608634,1.1424413916404434,0.8475876880234291],[19.994333333333334,19.913333333333334,19.651,19.183666666666667,18.712,18.207333333333334,17.834333333333333,17.537,17.290333333333333,17.113333333333333,16.945333333333334,16.840333333333334,16.709,16.634666666666668,16.529333333333334,16.452,16.392,16.298333333333332,16.251,16.182333333333332,16.110333333333333],[0.0750636766722454,0.32221455929585874,0.7117108495262209,1.0475049191080588,1.2608420466762122,1.3342961523673085,1.3402317792912568,1.2896889805944136,1.23829448122094,1.2382065883993532,1.1903829449196213,1.127610994783015,1.15599264703543,1.1197610856289335,1.1005178578994388,1.0892027665529647,1.0653650391610636,1.053564057009445,1.0421127578146236,1.0320309534548149,1.0319043344979122],[5.693,7.928,8.397666666666666,8.964,9.532,10.210333333333333,10.766,11.296333333333333,11.758666666666667,12.29,12.772333333333334,13.358333333333333,13.899333333333333,14.476,15.076333333333332,15.728666666666667,16.291666666666668,16.999666666666666,17.672,18.403333333333332,19.193],[2.1685827168913865,1.5218900529714097,1.4724790509734156,1.5855716109130307,1.6042576684144778,1.5996124183341796,1.6514369500529038,1.6235310967832326,1.584011223304789,1.6423255868838451,1.6061863389892386,1.5884784823499651,1.5991246216463457,1.5712279698800151,1.5666864892363006,1.5348327451405142,1.4698970107535403,1.3963046070093645,1.2908973623026794,1.1384150775920312,0.8448378542655333],[14.158666666666667,13.509333333333334,14.095333333333333,14.482666666666667,14.707333333333333,14.852666666666666,15.068666666666667,15.227666666666666,15.476333333333333,15.609333333333334,15.79,15.937,16.026,16.122333333333334,16.180666666666667,16.186333333333334,16.227333333333334,16.19,16.19633333333333,16.154666666666667,16.105333333333334],[1.597756204459494,1.0191072345712961,0.9505673159867344,0.9527326779089473,0.9551681643680274,0.9927870981344248,1.0424098149107308,1.105667772082674,1.09944223232611,1.1269632745667493,1.1029808097454326,1.1178987729963148,1.1090494428413311,1.07519047408148,1.0453195152148118,1.0574875360442462,1.0232234468688843,1.0330698588833747,1.0219849422678635,1.0172241094708985,1.031942289514733]],"time_results":[{"time_optimal":{"secs":0,"nanos":54810},"space_optimal_approximated":{"secs":4,"nanos":111741288},"full":null},{"time_optimal":{"secs":0,"nanos":22231},"space_optimal_approximated":{"secs":0,"nanos":171390704},"full":null},{"time_optimal":{"secs":0,"nanos":24323},"space_optimal_approximated":{"secs":0,"nanos":25946600},"full":null},{"time_optimal":{"secs":0,"nanos":25343},"space_optimal_approximated":{"secs":0,"nanos":8139919},"full":null},{"time_optimal":{"secs":0,"nanos":26560},"space_optimal_approximated":{"secs":0,"nanos":4907308},"full":null},{"time_optimal":{"secs":0,"nanos":25789},"space_optimal_approximated":{"secs":0,"nanos":3346241},"full":null},{"time_optimal":{"secs":0,"nanos":26355},"space_optimal_approximated":{"secs":0,"nanos":2658716},"full":null},{"time_optimal":{"secs":0,"nanos":26514},"space_optimal_approximated":{"secs":0,"nanos":2371048},"full":null},{"time_optimal":{"secs":0,"nanos":26709},"space_optimal_approximated":{"secs":0,"nanos":2216517},"full":null},{"time_optimal":{"secs":0,"nanos":26311},"space_optimal_approximated":{"secs":0,"nanos":2139315},"full":null},{"time_optimal":{"secs":0,"nanos":25607},"space_optimal_approximated":{"secs":0,"nanos":2045271},"full":null},{"time_optimal":{"secs":0,"nanos":26277},"space_optimal_approximated":{"secs":0,"nanos":2051158},"full":null},{"time_optimal":{"secs":0,"nanos":25122},"space_optimal_approximated":{"secs":0,"nanos":1984911},"full":null},{"time_optimal":{"secs":0,"nanos":25574},"space_optimal_approximated":{"secs":0,"nanos":1989941},"full":null},{"time_optimal":{"secs":0,"nanos":26414},"space_optimal_approximated":{"secs":0,"nanos":2035094},"full":null},{"time_optimal":{"secs":0,"nanos":25842},"space_optimal_approximated":{"secs":0,"nanos":2006364},"full":null},{"time_optimal":{"secs":0,"nanos":24933},"space_optimal_approximated":{"secs":0,"nanos":2004198},"full":null},{"time_optimal":{"secs":0,"nanos":24349},"space_optimal_approximated":{"secs":0,"nanos":1940217},"full":null},{"time_optimal":{"secs":0,"nanos":24658},"space_optimal_approximated":{"secs":0,"nanos":1974262},"full":null},{"time_optimal":{"secs":0,"nanos":23822},"space_optimal_approximated":{"secs":0,"nanos":1978574},"full":null},{"time_optimal":{"secs":0,"nanos":22746},"space_optimal_approximated":{"secs":0,"nanos":1976400},"full":null}]}