{"size":20,"num_average":3000,"walltime":10,"ncpus":30,"edge_density_multiplier":20.0,"num_density":21,"seed":16734630980798063533,"results":[[3.107,4.251666666666667,5.2283333333333335,6.221,7.109,8.021666666666667,8.886333333333333,9.680666666666667,10.444,11.179333333333334,11.928333333333333,12.704333333333333,13.395666666666667,14.127,14.779666666666667,15.509333333333334,16.186666666666667,16.917333333333332,17.642333333333333,18.409,19.15],[0.7699898267726324,1.00780151264468,1.1516063660045595,1.2969807246061484,1.3819499508544788,1.4734982939325938,1.558229729176336,1.607698009232122,1.634889598719108,1.6319230646353544,1.660882462895997,1.6853035005271062,1.672258320023833,1.6428240928352584,1.64978379054818,1.5724438163430607,1.5189323735951954,1.4319565480682315,1.2952765041574072,1.1104288961177655,0.8828929719960481],[20.0,20.0,19.998666666666665,19.995,19.982666666666667,19.946666666666665,19.898,19.851666666666667,19.808,19.745,19.689,19.612,19.529,19.493,19.424,19.349,19.291,19.237,19.195666666666668,19.132666666666665,19.108],[0.0,0.0,0.036490485822411434,0.07053367989833069,0.1403551051994694,0.23485219938411225,0.32495538155259884,0.3701313580639006,0.414490852331702,0.46544781304316163,0.5127822799850541,0.5330315813032709,0.5696422854154592,0.5744136140448086,0.5734899011025839,0.5948660913740795,0.5833686655966546,0.5855177196293839,0.5733363372014354,0.5624940493512534,0.5552801094942946],[4.230333333333333,5.543666666666667,6.282333333333334,7.116666666666666,7.906666666666666,8.679666666666666,9.456333333333333,10.165333333333333,10.874,11.570333333333334,12.307666666666666,13.038666666666666,13.697666666666667,14.410666666666666,15.024,15.725333333333333,16.372,17.063,17.760666666666665,18.485333333333333,19.200333333333333],[1.0385630564497252,1.071491120925518,1.234755531359221,1.3994244848825859,1.4514207598840028,1.5056736772030792,1.5729250529577672,1.587030210452462,1.6240250408578454,1.6343357128271274,1.6450961133691406,1.6467659889074036,1.6383715153231377,1.611216793468671,1.6141325843932428,1.5420413598719263,1.4729616424061938,1.4001301130014072,1.2577968392744958,1.092604635212965,0.8521736260227954],[18.414666666666665,18.276666666666667,18.540666666666667,18.695333333333334,18.779333333333334,18.869333333333334,18.913333333333334,18.957666666666668,18.987333333333332,18.983,18.993,19.005666666666666,18.986333333333334,19.019666666666666,19.028,19.015333333333334,19.016333333333332,19.027,19.043,19.034666666666666,19.05366666666667],[0.6346008369220933,0.5021177374104885,0.5788029793365761,0.6810615896443476,0.7298215915931393,0.6963664424871657,0.6370417743148499,0.5258718686355148,0.4738208756716104,0.43287142047803107,0.4362159251257644,0.40943199136799613,0.4204916434630219,0.43887722909970117,0.43728251737292456,0.46593800255209045,0.4612301185115986,0.4847036895533784,0.498482029097667,0.5106840728103971,0.5292635344409234]],"time_results":[{"time_optimal":{"secs":0,"nanos":30373},"space_optimal_approximated":{"secs":4,"nanos":8103422},"full":null},{"time_optimal":{"secs":0,"nanos":10339},"space_optimal_approximated":{"secs":0,"nanos":170274824},"full":null},{"time_optimal":{"secs":0,"nanos":10200},"space_optimal_approximated":{"secs":0,"nanos":18723817},"full":null},{"time_optimal":{"secs":0,"nanos":10728},"space_optimal_approximated":{"secs":0,"nanos":3022958},"full":null},{"time_optimal":{"secs":0,"nanos":11225},"space_optimal_approximated":{"secs":0,"nanos":1362813},"full":null},{"time_optimal":{"secs":0,"nanos":11902},"space_optimal_approximated":{"secs":0,"nanos":1063940},"full":null},{"time_optimal":{"secs":0,"nanos":12181},"space_optimal_approximated":{"secs":0,"nanos":1117131},"full":null},{"time_optimal":{"secs":0,"nanos":12656},"space_optimal_approximated":{"secs":0,"nanos":1034895},"full":null},{"time_optimal":{"secs":0,"nanos":12731},"space_optimal_approximated":{"secs":0,"nanos":1027897},"full":null},{"time_optimal":{"secs":0,"nanos":13003},"space_optimal_approximated":{"secs":0,"nanos":1006677},"full":null},{"time_optimal":{"secs":0,"nanos":12934},"space_optimal_approximated":{"secs":0,"nanos":1004301},"full":null},{"time_optimal":{"secs":0,"nanos":13014},"space_optimal_approximated":{"secs":0,"nanos":914805},"full":null},{"time_optimal":{"secs":0,"nanos":13037},"space_optimal_approximated":{"secs":0,"nanos":951711},"full":null},{"time_optimal":{"secs":0,"nanos":13118},"space_optimal_approximated":{"secs":0,"nanos":968407},"full":null},{"time_optimal":{"secs":0,"nanos":13006},"space_optimal_approximated":{"secs":0,"nanos":924054},"full":null},{"time_optimal":{"secs":0,"nanos":13506},"space_optimal_approximated":{"secs":0,"nanos":1062453},"full":null},{"time_optimal":{"secs":0,"nanos":12853},"space_optimal_approximated":{"secs":0,"nanos":912546},"full":null},{"time_optimal":{"secs":0,"nanos":12912},"space_optimal_approximated":{"secs":0,"nanos":947572},"full":null},{"time_optimal":{"secs":0,"nanos":12705},"space_optimal_approximated":{"secs":0,"nanos":986091},"full":null},{"time_optimal":{"secs":0,"nanos":12404},"space_optimal_approximated":{"secs":0,"nanos":940291},"full":null},{"time_optimal":{"secs":0,"nanos":11830},"space_optimal_approximated":{"secs":0,"nanos":947043},"full":null}]}