{"size":20,"num_average":3000,"walltime":10,"ncpus":30,"edge_density_multiplier":12.0,"num_density":21,"seed":7306859284981541397,"results":[[3.0886666666666667,4.192666666666667,5.233666666666666,6.243333333333333,7.183666666666666,8.005333333333333,8.832666666666666,9.665,10.48,11.246333333333334,11.943666666666667,12.747,13.406666666666666,14.107666666666667,14.809666666666667,15.509333333333334,16.177666666666667,16.93,17.659333333333333,18.399,19.172666666666668],[0.7789768217918398,0.9744466235880956,1.1514048906541137,1.3214091804668693,1.3918572324615646,1.4809810562221513,1.534709382550641,1.5345276146097568,1.6589956801230061,1.652166221123708,1.6650805452656792,1.6722213768916303,1.6284825929544153,1.6573295454502144,1.639951184910376,1.550885625125913,1.483723207190467,1.414838035489087,1.2920060199378134,1.1176458890602805,0.8427254726316419],[19.998666666666665,19.972333333333335,19.86,19.59,19.241,18.869666666666667,18.591666666666665,18.298333333333332,18.049666666666667,17.852333333333334,17.740333333333332,17.617333333333335,17.509,17.387,17.313666666666666,17.222666666666665,17.158333333333335,17.066333333333333,17.029666666666667,16.988666666666667,16.906666666666666],[0.03649048582241099,0.19209690841401134,0.436348484585437,0.7758221445666657,0.9809446127755411,1.1275400460983698,1.1742787384414113,1.177566936054539,1.156661815551795,1.1357205740067515,1.0848532414827226,1.0609270579178678,1.0052788999410522,1.0282173894658881,0.997637152921264,1.001874687218353,0.9845120054569511,0.9681252788537049,0.9480435409597833,0.9358800967835289,0.9106530013615957],[5.362,7.291333333333333,7.882,8.618333333333334,9.303,9.843,10.500333333333334,11.075333333333333,11.635,12.210666666666667,12.703,13.327333333333334,13.880333333333333,14.440333333333333,15.074333333333334,15.677,16.301333333333332,17.009,17.711333333333332,18.433,19.185],[1.9394903110525146,1.4351973925406627,1.4021683208516644,1.5549910682129737,1.6005804155576198,1.6088352929992442,1.6054074941341916,1.5810307467668827,1.6286318388962553,1.6189357272260494,1.6087648471213267,1.615194381147026,1.585143491576981,1.5974270631932368,1.5927359758883146,1.519869840918409,1.4605472338209857,1.3842876627830727,1.2788034337701084,1.100080754611503,0.8351297304411316],[15.253,14.705666666666668,15.220666666666666,15.496666666666666,15.678,15.835666666666667,15.963333333333333,16.16433333333333,16.368,16.5,16.653333333333332,16.78933333333333,16.874666666666666,16.909666666666666,16.96066666666667,16.980333333333334,16.99,16.964333333333332,16.965666666666667,16.948666666666668,16.894],[1.4467173186217226,0.8946328235029676,0.8606041805357123,0.8710083556175082,0.8957209386856955,0.9416269018152723,0.9612434077219362,1.004321274404874,1.0194325218800309,0.9919677414109795,0.9745882321381948,0.9672742917888182,0.9467267586561433,0.9571693801110579,0.9415162711758696,0.9193910424236671,0.9366073528076533,0.9221683986970944,0.9297784084871294,0.9168959713196622,0.9015342478242293]],"time_results":[{"time_optimal":{"secs":0,"nanos":45112},"space_optimal_approximated":{"secs":4,"nanos":144134829},"full":null},{"time_optimal":{"secs":0,"nanos":13102},"space_optimal_approximated":{"secs":0,"nanos":174534350},"full":null},{"time_optimal":{"secs":0,"nanos":11425},"space_optimal_approximated":{"secs":0,"nanos":19387653},"full":null},{"time_optimal":{"secs":0,"nanos":10700},"space_optimal_approximated":{"secs":0,"nanos":3818386},"full":null},{"time_optimal":{"secs":0,"nanos":10779},"space_optimal_approximated":{"secs":0,"nanos":1750454},"full":null},{"time_optimal":{"secs":0,"nanos":11193},"space_optimal_approximated":{"secs":0,"nanos":1297282},"full":null},{"time_optimal":{"secs":0,"nanos":11604},"space_optimal_approximated":{"secs":0,"nanos":1143943},"full":null},{"time_optimal":{"secs":0,"nanos":11933},"space_optimal_approximated":{"secs":0,"nanos":1100172},"full":null},{"time_optimal":{"secs":0,"nanos":12056},"space_optimal_approximated":{"secs":0,"nanos":1060538},"full":null},{"time_optimal":{"secs":0,"nanos":12357},"space_optimal_approximated":{"secs":0,"nanos":1028046},"full":null},{"time_optimal":{"secs":0,"nanos":12326},"space_optimal_approximated":{"secs":0,"nanos":1013465},"full":null},{"time_optimal":{"secs":0,"nanos":12376},"space_optimal_approximated":{"secs":0,"nanos":1020251},"full":null},{"time_optimal":{"secs":0,"nanos":12517},"space_optimal_approximated":{"secs":0,"nanos":1004899},"full":null},{"time_optimal":{"secs":0,"nanos":12463},"space_optimal_approximated":{"secs":0,"nanos":1006563},"full":null},{"time_optimal":{"secs":0,"nanos":12649},"space_optimal_approximated":{"secs":0,"nanos":1081902},"full":null},{"time_optimal":{"secs":0,"nanos":12652},"space_optimal_approximated":{"secs":0,"nanos":1004856},"full":null},{"time_optimal":{"secs":0,"nanos":12518},"space_optimal_approximated":{"secs":0,"nanos":992943},"full":null},{"time_optimal":{"secs":0,"nanos":12405},"space_optimal_approximated":{"secs":0,"nanos":1003840},"full":null},{"time_optimal":{"secs":0,"nanos":12334},"space_optimal_approximated":{"secs":0,"nanos":1037519},"full":null},{"time_optimal":{"secs":0,"nanos":12123},"space_optimal_approximated":{"secs":0,"nanos":1036444},"full":null},{"time_optimal":{"secs":0,"nanos":11448},"space_optimal_approximated":{"secs":0,"nanos":1072212},"full":null}]}