{"size":20,"num_average":3000,"walltime":10,"ncpus":30,"edge_density_multiplier":18.0,"num_density":21,"seed":9778580497435578198,"results":[[3.1056666666666666,4.195,5.238666666666667,6.239333333333334,7.129,7.982666666666667,8.857666666666667,9.724333333333334,10.453666666666667,11.195666666666666,11.982333333333333,12.670666666666667,13.362666666666666,14.114666666666666,14.816,15.51,16.299,16.921666666666667,17.652,18.424,19.182666666666666],[0.8019774865224651,0.975521228198882,1.1757429802280663,1.3165812630530025,1.3778094933625658,1.4559188011546307,1.5558731382160262,1.5911236770143025,1.6419053633575422,1.6553090010293905,1.6423624921300488,1.646472863089125,1.662670408977323,1.6575639421217514,1.6160066006465879,1.5418279194946958,1.5225851919241726,1.4459819808313292,1.2840934545429172,1.1211113533751424,0.841803355237362],[20.0,20.0,19.993666666666666,19.973,19.92866666666667,19.838,19.746666666666666,19.648666666666667,19.559333333333335,19.448,19.351333333333333,19.246333333333332,19.167666666666666,19.086333333333332,18.968666666666667,18.922,18.860666666666667,18.80666666666667,18.747,18.673666666666666,18.59],[0.0,0.0,0.09106713030628888,0.1833148475528793,0.30590557729832807,0.437137659477357,0.5264556539306637,0.5948934545128451,0.6489577969500258,0.6874804239637143,0.7117337204944725,0.7273146193742797,0.7404196257678608,0.7426618042928892,0.7341786037621891,0.7173441758784144,0.7210544747490063,0.6908609765277574,0.6789631801504474,0.6505176571179403,0.6433506042586763],[4.434333333333333,5.743,6.533,7.411,8.145666666666667,8.879,9.606666666666667,10.342666666666666,10.984,11.662333333333333,12.379,13.021333333333333,13.667333333333334,14.402666666666667,15.053,15.717666666666666,16.47,17.066333333333333,17.761,18.501333333333335,19.222666666666665],[1.2632054024935424,1.172298738945554,1.3242271960153442,1.4475539137915965,1.4453769596736912,1.473666289677993,1.5622490909653997,1.5673479369800358,1.6382136612786635,1.6454932053608853,1.6285041193275076,1.636931546793841,1.6282914017118826,1.6227115852451617,1.5868809029035447,1.5046443285891662,1.48742506814069,1.4089948742119454,1.2653901901521523,1.0939217928576357,0.8175692970969347],[17.687666666666665,17.532333333333334,17.873333333333335,18.011,18.094333333333335,18.179333333333332,18.290333333333333,18.432,18.499,18.535666666666668,18.594333333333335,18.615666666666666,18.615333333333332,18.611333333333334,18.60033333333333,18.616666666666667,18.611333333333334,18.61466666666667,18.604333333333333,18.586333333333332,18.546],[0.7612147455803014,0.6030101344274625,0.6577402391690806,0.6461777361273573,0.6618921530145436,0.7191473346184916,0.7321474502372423,0.6870536126581789,0.6713163685377144,0.6293339512708888,0.597579469378098,0.5773109118048022,0.5733220929130756,0.5723677916242913,0.5626720971301857,0.5695514804553605,0.5884484306679169,0.5815366616894218,0.5829075588995272,0.5875484849969554,0.6098229251184302]],"time_results":[{"time_optimal":{"secs":0,"nanos":40532},"space_optimal_approximated":{"secs":4,"nanos":149256774},"full":null},{"time_optimal":{"secs":0,"nanos":19250},"space_optimal_approximated":{"secs":0,"nanos":195078292},"full":null},{"time_optimal":{"secs":0,"nanos":22834},"space_optimal_approximated":{"secs":0,"nanos":24512760},"full":null},{"time_optimal":{"secs":0,"nanos":25719},"space_optimal_approximated":{"secs":0,"nanos":6783500},"full":null},{"time_optimal":{"secs":0,"nanos":26415},"space_optimal_approximated":{"secs":0,"nanos":3412189},"full":null},{"time_optimal":{"secs":0,"nanos":25842},"space_optimal_approximated":{"secs":0,"nanos":2413864},"full":null},{"time_optimal":{"secs":0,"nanos":27220},"space_optimal_approximated":{"secs":0,"nanos":2083409},"full":null},{"time_optimal":{"secs":0,"nanos":27640},"space_optimal_approximated":{"secs":0,"nanos":1968023},"full":null},{"time_optimal":{"secs":0,"nanos":27527},"space_optimal_approximated":{"secs":0,"nanos":1870069},"full":null},{"time_optimal":{"secs":0,"nanos":27446},"space_optimal_approximated":{"secs":0,"nanos":1848201},"full":null},{"time_optimal":{"secs":0,"nanos":28165},"space_optimal_approximated":{"secs":0,"nanos":1856691},"full":null},{"time_optimal":{"secs":0,"nanos":27726},"space_optimal_approximated":{"secs":0,"nanos":1825950},"full":null},{"time_optimal":{"secs":0,"nanos":26124},"space_optimal_approximated":{"secs":0,"nanos":1798036},"full":null},{"time_optimal":{"secs":0,"nanos":26693},"space_optimal_approximated":{"secs":0,"nanos":1846140},"full":null},{"time_optimal":{"secs":0,"nanos":26838},"space_optimal_approximated":{"secs":0,"nanos":1854445},"full":null},{"time_optimal":{"secs":0,"nanos":26137},"space_optimal_approximated":{"secs":0,"nanos":1804406},"full":null},{"time_optimal":{"secs":0,"nanos":26412},"space_optimal_approximated":{"secs":0,"nanos":1840017},"full":null},{"time_optimal":{"secs":0,"nanos":27170},"space_optimal_approximated":{"secs":0,"nanos":1881523},"full":null},{"time_optimal":{"secs":0,"nanos":26430},"space_optimal_approximated":{"secs":0,"nanos":1852445},"full":null},{"time_optimal":{"secs":0,"nanos":25105},"space_optimal_approximated":{"secs":0,"nanos":1818602},"full":null},{"time_optimal":{"secs":0,"nanos":24820},"space_optimal_approximated":{"secs":0,"nanos":1871448},"full":null}]}