{"size":20,"num_average":3000,"walltime":10,"ncpus":30,"edge_density_multiplier":17.0,"num_density":21,"seed":16160155577110742146,"results":[[3.094333333333333,4.201333333333333,5.238333333333333,6.243,7.121666666666667,7.992666666666667,8.87,9.682666666666666,10.451,11.249666666666666,11.945666666666666,12.652,13.371333333333334,14.125333333333334,14.786666666666667,15.512333333333334,16.206666666666667,16.913666666666668,17.624333333333333,18.424666666666667,19.166333333333334],[0.7785250299266232,0.9654696036414354,1.1393845804741347,1.3162893552204555,1.375329253508257,1.473978591733578,1.50613191100027,1.6153326454806654,1.6029968808453412,1.6607227007808683,1.699817996793234,1.6418168797605308,1.6721577543867032,1.6289950549000745,1.570081385010205,1.5817230759171799,1.4937499418874838,1.4116939784843268,1.2711705454247826,1.1376840022118906,0.8713972815095448],[20.0,19.998666666666665,19.992,19.949666666666666,19.872,19.755,19.63,19.529,19.391333333333332,19.248,19.14666666666667,19.034333333333333,18.948333333333334,18.866333333333333,18.757,18.69333333333333,18.639666666666667,18.562,18.484,18.430333333333333,18.355],[0.0,0.0364904858224113,0.09275056154366827,0.24993310216047038,0.3995197116538848,0.549219142662254,0.645316459834489,0.6970119558993872,0.7630147806927194,0.780915701809954,0.8069421017368824,0.8135239530721926,0.8175148656480433,0.8151481801215998,0.7818467454260668,0.7784314713290834,0.7535426700297507,0.7559691351724009,0.7250820643209812,0.6998665745856208,0.6954435035764398],[4.582333333333334,6.057666666666667,6.809666666666667,7.605666666666667,8.273,9.025666666666666,9.730666666666666,10.432,11.065666666666667,11.770333333333333,12.382666666666667,13.038333333333334,13.696333333333333,14.429333333333334,15.020666666666667,15.728666666666667,16.384,17.05666666666667,17.721666666666668,18.48966666666667,19.202333333333332],[1.3502670929198268,1.1987526387411505,1.308984296654829,1.4489655697159416,1.5076928290161422,1.5566013904943405,1.5386551126082564,1.6130848293461495,1.5933260460084542,1.6330706931694043,1.6795533797874844,1.6230210171843804,1.6510965716422892,1.6053056476017884,1.5356560668182222,1.5376534792410925,1.4594099264200076,1.3945568790439786,1.253607017990706,1.1158971975749221,0.8544362013762149],[17.383666666666667,17.111666666666668,17.469,17.662,17.760666666666665,17.85033333333333,17.994,18.083,18.211333333333332,18.278333333333332,18.339333333333332,18.349666666666668,18.380333333333333,18.386,18.396333333333335,18.393333333333334,18.400666666666666,18.376333333333335,18.358,18.35333333333333,18.315333333333335],[0.8894567005887446,0.6541130551279993,0.7227533004651965,0.7342270311922254,0.7285050140908766,0.792001613354153,0.809092495742393,0.8091833331616893,0.7685515958968295,0.734073490114507,0.7034578088904092,0.6875559775190707,0.6630836213396413,0.6539653405698586,0.6386860644235858,0.6459790158270352,0.6330873206403466,0.6460442881275416,0.6386203880240542,0.6401735875699912,0.6607305720858444]],"time_results":[{"time_optimal":{"secs":0,"nanos":42765},"space_optimal_approximated":{"secs":4,"nanos":273483490},"full":null},{"time_optimal":{"secs":0,"nanos":20053},"space_optimal_approximated":{"secs":0,"nanos":162353965},"full":null},{"time_optimal":{"secs":0,"nanos":23515},"space_optimal_approximated":{"secs":0,"nanos":26492699},"full":null},{"time_optimal":{"secs":0,"nanos":25357},"space_optimal_approximated":{"secs":0,"nanos":7563749},"full":null},{"time_optimal":{"secs":0,"nanos":27028},"space_optimal_approximated":{"secs":0,"nanos":4107232},"full":null},{"time_optimal":{"secs":0,"nanos":26501},"space_optimal_approximated":{"secs":0,"nanos":2782161},"full":null},{"time_optimal":{"secs":0,"nanos":26353},"space_optimal_approximated":{"secs":0,"nanos":2376030},"full":null},{"time_optimal":{"secs":0,"nanos":26186},"space_optimal_approximated":{"secs":0,"nanos":2183788},"full":null},{"time_optimal":{"secs":0,"nanos":26501},"space_optimal_approximated":{"secs":0,"nanos":2104812},"full":null},{"time_optimal":{"secs":0,"nanos":25259},"space_optimal_approximated":{"secs":0,"nanos":2055333},"full":null},{"time_optimal":{"secs":0,"nanos":26269},"space_optimal_approximated":{"secs":0,"nanos":2045803},"full":null},{"time_optimal":{"secs":0,"nanos":25340},"space_optimal_approximated":{"secs":0,"nanos":2010801},"full":null},{"time_optimal":{"secs":0,"nanos":25386},"space_optimal_approximated":{"secs":0,"nanos":1932569},"full":null},{"time_optimal":{"secs":0,"nanos":25703},"space_optimal_approximated":{"secs":0,"nanos":1919574},"full":null},{"time_optimal":{"secs":0,"nanos":25169},"space_optimal_approximated":{"secs":0,"nanos":1913938},"full":null},{"time_optimal":{"secs":0,"nanos":25245},"space_optimal_approximated":{"secs":0,"nanos":1952702},"full":null},{"time_optimal":{"secs":0,"nanos":25522},"space_optimal_approximated":{"secs":0,"nanos":1949810},"full":null},{"time_optimal":{"secs":0,"nanos":25399},"space_optimal_approximated":{"secs":0,"nanos":1972607},"full":null},{"time_optimal":{"secs":0,"nanos":24948},"space_optimal_approximated":{"secs":0,"nanos":1949488},"full":null},{"time_optimal":{"secs":0,"nanos":24602},"space_optimal_approximated":{"secs":0,"nanos":1956855},"full":null},{"time_optimal":{"secs":0,"nanos":22493},"space_optimal_approximated":{"secs":0,"nanos":1917586},"full":null}]}