{"size":20,"num_average":3000,"walltime":10,"ncpus":30,"edge_density_multiplier":15.0,"num_density":21,"seed":7439488623380628091,"results":[[3.071,4.185666666666667,5.2683333333333335,6.2203333333333335,7.093333333333334,7.971,8.849,9.692333333333334,10.44,11.236333333333333,11.904333333333334,12.662666666666667,13.353,14.229,14.777666666666667,15.472333333333333,16.180333333333333,16.925,17.606666666666666,18.434333333333335,19.169],[0.761550392291917,0.9687764906772333,1.148766246409123,1.2950366361184,1.41514035424839,1.4597347932644134,1.5020649120460927,1.6100749119908204,1.6003332986183407,1.666277254507455,1.6528302662066903,1.656765791803054,1.6894943030386482,1.6796504596691164,1.5767798056658293,1.5628716802376532,1.5226555384882219,1.4651649508957376,1.3210938228940805,1.1417915260190257,0.8716492031392707],[20.0,19.998,19.973333333333333,19.877666666666666,19.728,19.530333333333335,19.353666666666665,19.111333333333334,18.950333333333333,18.78,18.662333333333333,18.533666666666665,18.442,18.338,18.292,18.215,18.143333333333334,18.042666666666666,17.985,17.904,17.834666666666667],[0.0,0.044676615807376155,0.17688665548562207,0.410732543417515,0.5842510875756528,0.7539318418943503,0.8496586896448003,0.9271487954416209,0.952120382211305,0.9544282756359173,0.9474428156299841,0.9220628443272567,0.9095617992564702,0.9031921168832261,0.9074153771380984,0.8521199054906274,0.8633976809996298,0.8498114823627512,0.8054657038012224,0.7802461150175458,0.7974949668946075],[4.773333333333333,6.515,7.314,8.024333333333333,8.685333333333332,9.407666666666668,10.058666666666667,10.729,11.339,11.965,12.494,13.148,13.760666666666667,14.539,15.032666666666668,15.675666666666666,16.335,17.041,17.695666666666668,18.486,19.19633333333333],[1.5270741814187003,1.274274303280107,1.3463793422855768,1.5184667339860654,1.5854499536584077,1.5881250650443866,1.5754020298182811,1.629179445815163,1.609993478247687,1.6065828124728951,1.6116132704012411,1.6114473825312121,1.6387148080804779,1.6447327037141033,1.553147199148303,1.535298414713649,1.4993693118552356,1.4366578112642852,1.2996337518273673,1.1241903753368467,0.8589450247574498],[16.598,16.233333333333334,16.6,16.841666666666665,16.964666666666666,17.067333333333334,17.246666666666666,17.380333333333333,17.457666666666668,17.60033333333333,17.731333333333332,17.779666666666667,17.839333333333332,17.88233333333333,17.904,17.930666666666667,17.927,17.882,17.878,17.844333333333335,17.803333333333335],[1.0569118537828175,0.7290785661062671,0.7496665925596525,0.804112692489183,0.8242682950485404,0.8741469492533271,0.8950729330929045,0.8715961730577412,0.8836710675107512,0.857476854238985,0.8432980229761887,0.8248958856863312,0.792581997160061,0.7860160445068751,0.7806732137499282,0.7526793621604233,0.7538817325460743,0.7603130934029795,0.7365115975552181,0.7353692194325955,0.7737283473904475]],"time_results":[{"time_optimal":{"secs":0,"nanos":39723},"space_optimal_approximated":{"secs":4,"nanos":142804332},"full":null},{"time_optimal":{"secs":0,"nanos":17785},"space_optimal_approximated":{"secs":0,"nanos":186094956},"full":null},{"time_optimal":{"secs":0,"nanos":20270},"space_optimal_approximated":{"secs":0,"nanos":24425103},"full":null},{"time_optimal":{"secs":0,"nanos":23564},"space_optimal_approximated":{"secs":0,"nanos":7204901},"full":null},{"time_optimal":{"secs":0,"nanos":25762},"space_optimal_approximated":{"secs":0,"nanos":3623477},"full":null},{"time_optimal":{"secs":0,"nanos":26409},"space_optimal_approximated":{"secs":0,"nanos":2600305},"full":null},{"time_optimal":{"secs":0,"nanos":26529},"space_optimal_approximated":{"secs":0,"nanos":2223528},"full":null},{"time_optimal":{"secs":0,"nanos":26818},"space_optimal_approximated":{"secs":0,"nanos":2014796},"full":null},{"time_optimal":{"secs":0,"nanos":27587},"space_optimal_approximated":{"secs":0,"nanos":1960519},"full":null},{"time_optimal":{"secs":0,"nanos":26124},"space_optimal_approximated":{"secs":0,"nanos":1872770},"full":null},{"time_optimal":{"secs":0,"nanos":26884},"space_optimal_approximated":{"secs":0,"nanos":1892822},"full":null},{"time_optimal":{"secs":0,"nanos":26175},"space_optimal_approximated":{"secs":0,"nanos":1866008},"full":null},{"time_optimal":{"secs":0,"nanos":26934},"space_optimal_approximated":{"secs":0,"nanos":1863137},"full":null},{"time_optimal":{"secs":0,"nanos":26052},"space_optimal_approximated":{"secs":0,"nanos":1832699},"full":null},{"time_optimal":{"secs":0,"nanos":25889},"space_optimal_approximated":{"secs":0,"nanos":1823647},"full":null},{"time_optimal":{"secs":0,"nanos":26301},"space_optimal_approximated":{"secs":0,"nanos":1829333},"full":null},{"time_optimal":{"secs":0,"nanos":24954},"space_optimal_approximated":{"secs":0,"nanos":1809477},"full":null},{"time_optimal":{"secs":0,"nanos":24533},"space_optimal_approximated":{"secs":0,"nanos":1766647},"full":null},{"time_optimal":{"secs":0,"nanos":26187},"space_optimal_approximated":{"secs":0,"nanos":1851574},"full":null},{"time_optimal":{"secs":0,"nanos":23691},"space_optimal_approximated":{"secs":0,"nanos":1766828},"full":null},{"time_optimal":{"secs":0,"nanos":23494},"space_optimal_approximated":{"secs":0,"nanos":1835479},"full":null}]}