{"size":20,"num_average":3000,"walltime":10,"ncpus":30,"edge_density_multiplier":21.0,"num_density":21,"seed":11478587230711666842,"results":[[3.0753333333333335,4.203666666666667,5.254333333333333,6.187666666666667,7.138,8.007666666666667,8.895333333333333,9.707333333333333,10.437,11.249666666666666,11.934333333333333,12.675666666666666,13.375,14.108333333333333,14.814,15.482333333333333,16.262333333333334,16.906333333333333,17.632,18.357333333333333,19.146],[0.7691932281437448,0.9934048631963707,1.162317177977774,1.2724443231652918,1.397958988430391,1.5023119590225718,1.5730156458923539,1.6005247750521,1.6211202916502077,1.6143109641233617,1.642159519927626,1.6546322518580705,1.6451063795390255,1.6208836753107603,1.6242138611238088,1.53460783988037,1.4803764911520194,1.4019842684170278,1.2756342213450862,1.1426487746557366,0.8721720013850434],[20.0,20.0,19.999666666666666,19.999,19.991,19.978,19.959666666666667,19.923333333333332,19.899333333333335,19.863666666666667,19.814,19.764333333333333,19.734333333333332,19.675666666666668,19.624333333333333,19.594333333333335,19.540333333333333,19.527666666666665,19.482,19.447666666666667,19.421],[0.0,0.0,0.01825437542679071,0.031606961258557956,0.09790641790335906,0.14668333238647194,0.19673981690434159,0.26731171982455115,0.30199264155862554,0.34892199064484286,0.3975810189969755,0.43296792285597385,0.4528663035476145,0.4828469967000207,0.5005409296173771,0.512283667078651,0.522532189332766,0.5208018390477822,0.5301031346194132,0.5290821192299829,0.5270284622295003],[4.038,5.158,5.969666666666667,6.717666666666666,7.592,8.421666666666667,9.287666666666667,10.089,10.815666666666667,11.607666666666667,12.266666666666667,12.987333333333334,13.655333333333333,14.375333333333334,15.035333333333334,15.687,16.420666666666666,17.032,17.734666666666666,18.432,19.182],[0.9401538881126469,1.0094731299049033,1.1953018679628786,1.3101989246760168,1.4367333317866202,1.5340134361283284,1.5852175104873176,1.618562839888108,1.6440867441294615,1.6086457727611156,1.6442492376630597,1.6335563113104687,1.6183957763442427,1.5965979108369452,1.5971072461032536,1.5155959224014894,1.4570653916539138,1.3724586211127465,1.2496392368288824,1.1129731952447437,0.8529611167378534],[18.872333333333334,18.842,19.08,19.290666666666667,19.336666666666666,19.314333333333334,19.304,19.27,19.248,19.252666666666666,19.246666666666666,19.262333333333334,19.282333333333334,19.272333333333332,19.291,19.302,19.320666666666668,19.358,19.355333333333334,19.36466666666667,19.379666666666665],[0.45829527114684115,0.4680128203372185,0.5711975723571148,0.6476981464300154,0.6602945470688706,0.62678642472714,0.5587939393610668,0.5181055233572971,0.4828692024416906,0.4699215064478499,0.46456670373825737,0.4670987285598401,0.4816166063951335,0.480452448797546,0.49158146154360033,0.49544189030264896,0.5018361839839386,0.5116991303490711,0.5161442520157405,0.5205941050590455,0.5204356081420932]],"time_results":[{"time_optimal":{"secs":0,"nanos":36114},"space_optimal_approximated":{"secs":4,"nanos":290589007},"full":null},{"time_optimal":{"secs":0,"nanos":15717},"space_optimal_approximated":{"secs":0,"nanos":175762123},"full":null},{"time_optimal":{"secs":0,"nanos":16808},"space_optimal_approximated":{"secs":0,"nanos":16076097},"full":null},{"time_optimal":{"secs":0,"nanos":20943},"space_optimal_approximated":{"secs":0,"nanos":4254285},"full":null},{"time_optimal":{"secs":0,"nanos":25354},"space_optimal_approximated":{"secs":0,"nanos":2739622},"full":null},{"time_optimal":{"secs":0,"nanos":25409},"space_optimal_approximated":{"secs":0,"nanos":2301230},"full":null},{"time_optimal":{"secs":0,"nanos":24625},"space_optimal_approximated":{"secs":0,"nanos":2086685},"full":null},{"time_optimal":{"secs":0,"nanos":25885},"space_optimal_approximated":{"secs":0,"nanos":2028857},"full":null},{"time_optimal":{"secs":0,"nanos":27160},"space_optimal_approximated":{"secs":0,"nanos":2061499},"full":null},{"time_optimal":{"secs":0,"nanos":25050},"space_optimal_approximated":{"secs":0,"nanos":1990879},"full":null},{"time_optimal":{"secs":0,"nanos":25773},"space_optimal_approximated":{"secs":0,"nanos":1985944},"full":null},{"time_optimal":{"secs":0,"nanos":25409},"space_optimal_approximated":{"secs":0,"nanos":1986305},"full":null},{"time_optimal":{"secs":0,"nanos":25514},"space_optimal_approximated":{"secs":0,"nanos":1972613},"full":null},{"time_optimal":{"secs":0,"nanos":24785},"space_optimal_approximated":{"secs":0,"nanos":1924125},"full":null},{"time_optimal":{"secs":0,"nanos":23901},"space_optimal_approximated":{"secs":0,"nanos":1897083},"full":null},{"time_optimal":{"secs":0,"nanos":24823},"space_optimal_approximated":{"secs":0,"nanos":1979303},"full":null},{"time_optimal":{"secs":0,"nanos":24743},"space_optimal_approximated":{"secs":0,"nanos":2003556},"full":null},{"time_optimal":{"secs":0,"nanos":24367},"space_optimal_approximated":{"secs":0,"nanos":1987234},"full":null},{"time_optimal":{"secs":0,"nanos":24363},"space_optimal_approximated":{"secs":0,"nanos":2021437},"full":null},{"time_optimal":{"secs":0,"nanos":24738},"space_optimal_approximated":{"secs":0,"nanos":2071545},"full":null},{"time_optimal":{"secs":0,"nanos":22643},"space_optimal_approximated":{"secs":0,"nanos":2007984},"full":null}]}