{"size":20,"num_average":3000,"walltime":10,"ncpus":30,"edge_density_multiplier":1.0,"num_density":21,"seed":512508155505505579,"results":[[3.0913333333333335,4.209333333333333,5.223,6.204666666666666,7.140333333333333,8.011,8.850666666666667,9.598,10.395,11.177,11.931333333333333,12.667,13.362666666666666,14.119,14.794333333333332,15.498,16.218333333333334,16.918333333333333,17.633,18.358666666666668,19.157333333333334],[0.7635388369661115,0.9585646677309968,1.1416089523124773,1.2894875812593922,1.3916320953789878,1.4895902121053375,1.5215232133913712,1.5955341843198676,1.6565954042352826,1.6298274959843686,1.688377393304647,1.6527081815412328,1.6810134509343329,1.6619784394911217,1.5803062642693313,1.5648203304746073,1.504215373172623,1.40392208552405,1.3267671234998328,1.124288614586529,0.8755452904079432],[16.344333333333335,12.989,10.898,9.465333333333334,8.606333333333334,8.017666666666667,7.710666666666667,7.322333333333333,7.152,6.939333333333333,6.764666666666667,6.663333333333333,6.529333333333334,6.41,6.292333333333334,6.261666666666667,6.128333333333333,6.043666666666667,5.9206666666666665,5.869,5.752666666666666],[1.8564575286161518,2.279520198053375,2.1781328395363566,1.9913475058082712,1.8088743891037868,1.7003983520209698,1.6242802166566566,1.5276674667246473,1.497407537490471,1.4873868210911125,1.487487217498766,1.4886197932611434,1.4748354333807931,1.4816319830961182,1.4241516383056967,1.4552882494162103,1.4582628554398318,1.4579985901532673,1.4799908408125029,1.453216776671685,1.4185060999359678],[8.072666666666667,11.763,11.895333333333333,11.664666666666667,11.728,11.851666666666667,11.976666666666667,12.284666666666666,12.604666666666667,12.978,13.346,13.759666666666666,14.209,14.695,15.209666666666667,15.772,16.414666666666665,17.027,17.695666666666668,18.389666666666667,19.173],[3.6391463589998665,2.5585473091841195,2.3346045108802094,2.1175972757401684,2.064303595243067,1.9566120094580586,1.912796091821831,1.8314743302111074,1.876444747091936,1.8232341228341256,1.788747420217114,1.7513537303722806,1.7175522311320595,1.6792781187165082,1.573649650405781,1.536668257410585,1.494897395215538,1.3914995508443548,1.3108704063416052,1.1146718002274136,0.8697150874472273],[4.349666666666667,3.12,3.595,4.086666666666667,4.495666666666667,4.798,5.109,5.198333333333333,5.4046666666666665,5.550333333333334,5.6466666666666665,5.780333333333333,5.848,5.9,5.935666666666667,6.007666666666666,5.946666666666666,5.933333333333334,5.856,5.84,5.735333333333333],[1.8142215655450866,0.9188398482144025,1.0267951759398588,1.11735799495456,1.234226298356809,1.291457574474184,1.3598231502662501,1.3410184769627642,1.358029782033101,1.397187611676478,1.425653846096194,1.4147131236481107,1.4547265493326458,1.4580809305385103,1.4152247956498687,1.4499222584523457,1.4789034977156128,1.4724884455309906,1.487256086444665,1.4591321621657942,1.4266341117780998]],"time_results":[{"time_optimal":{"secs":0,"nanos":140994},"space_optimal_approximated":{"secs":3,"nanos":582077930},"full":null},{"time_optimal":{"secs":0,"nanos":79202},"space_optimal_approximated":{"secs":0,"nanos":281418815},"full":null},{"time_optimal":{"secs":0,"nanos":41588},"space_optimal_approximated":{"secs":0,"nanos":103872897},"full":null},{"time_optimal":{"secs":0,"nanos":28898},"space_optimal_approximated":{"secs":0,"nanos":58072454},"full":null},{"time_optimal":{"secs":0,"nanos":24960},"space_optimal_approximated":{"secs":0,"nanos":30055379},"full":null},{"time_optimal":{"secs":0,"nanos":24832},"space_optimal_approximated":{"secs":0,"nanos":18662572},"full":null},{"time_optimal":{"secs":0,"nanos":25747},"space_optimal_approximated":{"secs":0,"nanos":12310510},"full":null},{"time_optimal":{"secs":0,"nanos":25971},"space_optimal_approximated":{"secs":0,"nanos":8473497},"full":null},{"time_optimal":{"secs":0,"nanos":26145},"space_optimal_approximated":{"secs":0,"nanos":4835670},"full":null},{"time_optimal":{"secs":0,"nanos":26735},"space_optimal_approximated":{"secs":0,"nanos":4217359},"full":null},{"time_optimal":{"secs":0,"nanos":26625},"space_optimal_approximated":{"secs":0,"nanos":3326144},"full":null},{"time_optimal":{"secs":0,"nanos":25772},"space_optimal_approximated":{"secs":0,"nanos":2723849},"full":null},{"time_optimal":{"secs":0,"nanos":26477},"space_optimal_approximated":{"secs":0,"nanos":2438143},"full":null},{"time_optimal":{"secs":0,"nanos":24932},"space_optimal_approximated":{"secs":0,"nanos":2289045},"full":null},{"time_optimal":{"secs":0,"nanos":25633},"space_optimal_approximated":{"secs":0,"nanos":2125929},"full":null},{"time_optimal":{"secs":0,"nanos":25555},"space_optimal_approximated":{"secs":0,"nanos":2073725},"full":null},{"time_optimal":{"secs":0,"nanos":24269},"space_optimal_approximated":{"secs":0,"nanos":1957931},"full":null},{"time_optimal":{"secs":0,"nanos":25431},"space_optimal_approximated":{"secs":0,"nanos":1948110},"full":null},{"time_optimal":{"secs":0,"nanos":23642},"space_optimal_approximated":{"secs":0,"nanos":2072604},"full":null},{"time_optimal":{"secs":0,"nanos":24027},"space_optimal_approximated":{"secs":0,"nanos":2077099},"full":null},{"time_optimal":{"secs":0,"nanos":22634},"space_optimal_approximated":{"secs":0,"nanos":2070203},"full":null}]}