{"size":20,"num_average":3000,"walltime":10,"ncpus":30,"edge_density_multiplier":9.0,"num_density":21,"seed":1668765836862509558,"results":[[3.0693333333333332,4.238333333333333,5.266,6.249,7.1546666666666665,8.041333333333334,8.874,9.651333333333334,10.419666666666666,11.209666666666667,11.969,12.694,13.411333333333333,14.082333333333333,14.776666666666667,15.508666666666667,16.198,16.875666666666667,17.685666666666666,18.370666666666665,19.14],[0.7706228361238421,0.9826141437795208,1.1445132881127722,1.2823152238561732,1.373588325841792,1.4998749577511175,1.541251872126463,1.5670880284428568,1.6418119732647958,1.6329033107389532,1.658525148035634,1.660430867776997,1.6407736657510887,1.6178858289618694,1.618679159754058,1.5872171314039538,1.493138528960612,1.4348778887262743,1.2628781501879671,1.129574944638708,0.8803787063910045],[19.986333333333334,19.847666666666665,19.456,18.863,18.286333333333335,17.752,17.341333333333335,17.055333333333333,16.829333333333334,16.61466666666667,16.485666666666667,16.370333333333335,16.249666666666666,16.169,16.09,16.013333333333332,15.918,15.877666666666666,15.733333333333333,15.699333333333334,15.612333333333334],[0.1244182015980326,0.44698384261129015,0.8714340671177176,1.2445471733392188,1.4117412022825724,1.469182085379505,1.39815052440321,1.3558287338582147,1.3184104907888843,1.2670904554222853,1.2435679403322568,1.1996610169358446,1.1879954638895847,1.1895821395207045,1.1735558501125312,1.132175879544462,1.1090278024768678,1.107565448279342,1.1199206321084467,1.074367824454102,1.1006276492175857],[5.885666666666666,8.265666666666666,8.722333333333333,9.190666666666667,9.769666666666666,10.314,10.847,11.346,11.826333333333332,12.315,12.854333333333333,13.406333333333333,13.952333333333334,14.460666666666667,15.082333333333333,15.694,16.334,16.952666666666666,17.724,18.389666666666667,19.143666666666668],[2.305340442441326,1.5901010100689514,1.4623843164123804,1.506755749578846,1.6229437930980606,1.6779165652677854,1.6511382942281654,1.6489240936643412,1.6077437261233078,1.6386300172196562,1.6374109305716606,1.621488993350079,1.613503813306803,1.5869634176277996,1.5595580214350173,1.5391655748056041,1.4552585108266292,1.4110609089932609,1.2494628179074918,1.1265699662643638,0.8777014805096803],[13.565666666666667,12.821666666666667,13.442,13.903666666666666,14.145,14.318333333333333,14.54,14.708333333333334,14.934333333333333,15.170666666666667,15.329333333333333,15.453,15.561333333333334,15.664333333333333,15.687666666666667,15.753333333333334,15.737666666666666,15.770666666666667,15.677666666666667,15.67,15.607666666666667],[1.6957853310159552,1.0862153970962003,1.0165149613590043,1.0084905662534553,0.9993206025428861,1.0248563584988861,1.0685192245969906,1.0893104342758462,1.142812855292698,1.1833030982052588,1.1570967500122584,1.1525873791893873,1.126752659440188,1.1359260050235866,1.12462492512937,1.1023409434269842,1.0912597714975498,1.0896817068402223,1.1149444928884407,1.0629048248393094,1.0968475534711233]],"time_results":[{"time_optimal":{"secs":0,"nanos":72844},"space_optimal_approximated":{"secs":4,"nanos":85702773},"full":null},{"time_optimal":{"secs":0,"nanos":26217},"space_optimal_approximated":{"secs":0,"nanos":192604789},"full":null},{"time_optimal":{"secs":0,"nanos":26630},"space_optimal_approximated":{"secs":0,"nanos":26362443},"full":null},{"time_optimal":{"secs":0,"nanos":26180},"space_optimal_approximated":{"secs":0,"nanos":8580867},"full":null},{"time_optimal":{"secs":0,"nanos":27225},"space_optimal_approximated":{"secs":0,"nanos":5126138},"full":null},{"time_optimal":{"secs":0,"nanos":27807},"space_optimal_approximated":{"secs":0,"nanos":3651675},"full":null},{"time_optimal":{"secs":0,"nanos":26859},"space_optimal_approximated":{"secs":0,"nanos":2763291},"full":null},{"time_optimal":{"secs":0,"nanos":27151},"space_optimal_approximated":{"secs":0,"nanos":2467308},"full":null},{"time_optimal":{"secs":0,"nanos":26408},"space_optimal_approximated":{"secs":0,"nanos":2258660},"full":null},{"time_optimal":{"secs":0,"nanos":25383},"space_optimal_approximated":{"secs":0,"nanos":2094081},"full":null},{"time_optimal":{"secs":0,"nanos":27220},"space_optimal_approximated":{"secs":0,"nanos":2061945},"full":null},{"time_optimal":{"secs":0,"nanos":26330},"space_optimal_approximated":{"secs":0,"nanos":2021248},"full":null},{"time_optimal":{"secs":0,"nanos":27009},"space_optimal_approximated":{"secs":0,"nanos":2068896},"full":null},{"time_optimal":{"secs":0,"nanos":25604},"space_optimal_approximated":{"secs":0,"nanos":1982568},"full":null},{"time_optimal":{"secs":0,"nanos":25366},"space_optimal_approximated":{"secs":0,"nanos":2018260},"full":null},{"time_optimal":{"secs":0,"nanos":26416},"space_optimal_approximated":{"secs":0,"nanos":2030911},"full":null},{"time_optimal":{"secs":0,"nanos":25583},"space_optimal_approximated":{"secs":0,"nanos":1988604},"full":null},{"time_optimal":{"secs":0,"nanos":25702},"space_optimal_approximated":{"secs":0,"nanos":1997052},"full":null},{"time_optimal":{"secs":0,"nanos":25449},"space_optimal_approximated":{"secs":0,"nanos":1947555},"full":null},{"time_optimal":{"secs":0,"nanos":24886},"space_optimal_approximated":{"secs":0,"nanos":1954717},"full":null},{"time_optimal":{"secs":0,"nanos":24377},"space_optimal_approximated":{"secs":0,"nanos":2062432},"full":null}]}