{"size":20,"num_average":3000,"walltime":10,"ncpus":30,"edge_density_multiplier":3.0,"num_density":21,"seed":15920936754613091629,"results":[[3.097,4.229333333333333,5.275666666666667,6.191666666666666,7.087666666666666,8.029666666666667,8.823,9.694,10.481333333333334,11.210666666666667,11.953333333333333,12.708666666666666,13.450666666666667,14.099333333333334,14.794666666666666,15.515666666666666,16.203,16.907333333333334,17.61766666666667,18.388,19.180333333333333],[0.7951463177721896,1.001035907891862,1.1449925278747217,1.266068937915931,1.381296934848633,1.4731326786440069,1.5428342965680684,1.6251248157192961,1.6734151374426425,1.63919275525758,1.6684790146184483,1.6901059795829823,1.6363270523407518,1.6168280331837572,1.6274227750921864,1.5396172323737276,1.4775399599785206,1.3981223917176215,1.3031325932365878,1.130540873505528,0.8562397769057175],[18.891,17.107666666666667,15.236666666666666,13.876333333333333,12.981333333333334,12.382666666666667,11.935333333333332,11.628,11.468666666666667,11.28,11.178333333333333,11.023666666666667,10.958666666666666,10.875666666666667,10.735666666666667,10.664,10.574666666666667,10.527666666666667,10.403333333333334,10.330333333333334,10.261],[1.146204897331488,1.894925123117599,2.186166101242634,2.079352436590668,1.9600131518833164,1.801545509339751,1.7392962817057573,1.6817498823150259,1.6135937806303653,1.5946577480241235,1.515430815166258,1.5350699947849056,1.5846003351704396,1.607961822377083,1.5653949093510773,1.5241732185024015,1.516934921331688,1.5198359195065108,1.5196454264802024,1.543118019537815,1.5380330512270397],[7.804,11.046333333333333,10.996333333333334,10.891,10.957333333333333,11.193333333333333,11.485,11.841333333333333,12.236333333333333,12.602,13.081,13.565333333333333,14.076333333333332,14.518333333333333,15.117333333333333,15.709333333333333,16.329666666666668,16.974666666666668,17.654333333333334,18.404,19.185],[3.5357579102647874,2.2488930363378428,1.974416341324399,1.8636305964434041,1.7595964183742774,1.7452666144619646,1.7577755829456712,1.7234146982726313,1.7106957324109096,1.6589944745738925,1.6475554618889223,1.654206221189565,1.6374288449341035,1.5808216921026357,1.600697625689784,1.50825933520142,1.4691221490702857,1.3909319018397468,1.2889975002130896,1.1207664044453156,0.8544637694679305],[7.292666666666666,6.358333333333333,7.193333333333333,7.935,8.482666666666667,8.884,9.164333333333333,9.434666666666667,9.698333333333334,9.850666666666667,10.003666666666666,10.123,10.269333333333334,10.394333333333334,10.355,10.430666666666667,10.411,10.432666666666666,10.354666666666667,10.305,10.254],[2.1027790077788753,1.2914838580313597,1.336895242301675,1.3998005810352414,1.425610824251226,1.4417156446400696,1.4433737869619634,1.4898763557945347,1.5172334105938485,1.4978983795823633,1.4750095668239656,1.526609860660786,1.5637965198693604,1.5935812568621195,1.537630753247779,1.5353152408833857,1.5244930304858852,1.5205699223938764,1.5214723862831825,1.5331802459811146,1.5367120745279552]],"time_results":[{"time_optimal":{"secs":0,"nanos":139601},"space_optimal_approximated":{"secs":4,"nanos":61128256},"full":null},{"time_optimal":{"secs":0,"nanos":58585},"space_optimal_approximated":{"secs":0,"nanos":246427256},"full":null},{"time_optimal":{"secs":0,"nanos":33437},"space_optimal_approximated":{"secs":0,"nanos":63693115},"full":null},{"time_optimal":{"secs":0,"nanos":29116},"space_optimal_approximated":{"secs":0,"nanos":25850741},"full":null},{"time_optimal":{"secs":0,"nanos":25885},"space_optimal_approximated":{"secs":0,"nanos":14103790},"full":null},{"time_optimal":{"secs":0,"nanos":26343},"space_optimal_approximated":{"secs":0,"nanos":9027745},"full":null},{"time_optimal":{"secs":0,"nanos":27615},"space_optimal_approximated":{"secs":0,"nanos":6330939},"full":null},{"time_optimal":{"secs":0,"nanos":28651},"space_optimal_approximated":{"secs":0,"nanos":4680761},"full":null},{"time_optimal":{"secs":0,"nanos":28339},"space_optimal_approximated":{"secs":0,"nanos":3701457},"full":null},{"time_optimal":{"secs":0,"nanos":28282},"space_optimal_approximated":{"secs":0,"nanos":3087890},"full":null},{"time_optimal":{"secs":0,"nanos":27268},"space_optimal_approximated":{"secs":0,"nanos":2591696},"full":null},{"time_optimal":{"secs":0,"nanos":25970},"space_optimal_approximated":{"secs":0,"nanos":2339226},"full":null},{"time_optimal":{"secs":0,"nanos":25636},"space_optimal_approximated":{"secs":0,"nanos":2220905},"full":null},{"time_optimal":{"secs":0,"nanos":26412},"space_optimal_approximated":{"secs":0,"nanos":2107838},"full":null},{"time_optimal":{"secs":0,"nanos":25706},"space_optimal_approximated":{"secs":0,"nanos":2063674},"full":null},{"time_optimal":{"secs":0,"nanos":26395},"space_optimal_approximated":{"secs":0,"nanos":2056327},"full":null},{"time_optimal":{"secs":0,"nanos":26354},"space_optimal_approximated":{"secs":0,"nanos":2043079},"full":null},{"time_optimal":{"secs":0,"nanos":25968},"space_optimal_approximated":{"secs":0,"nanos":2017172},"full":null},{"time_optimal":{"secs":0,"nanos":24883},"space_optimal_approximated":{"secs":0,"nanos":1968738},"full":null},{"time_optimal":{"secs":0,"nanos":23890},"space_optimal_approximated":{"secs":0,"nanos":1953815},"full":null},{"time_optimal":{"secs":0,"nanos":24299},"space_optimal_approximated":{"secs":0,"nanos":2053596},"full":null}]}