{"size":20,"num_average":3000,"walltime":10,"ncpus":30,"edge_density_multiplier":19.0,"num_density":21,"seed":1591066948739707782,"results":[[3.093,4.236,5.258666666666667,6.189666666666667,7.149666666666667,7.984333333333334,8.872666666666667,9.653666666666666,10.417333333333334,11.216,11.979666666666667,12.650666666666666,13.433333333333334,14.152333333333333,14.807333333333334,15.497666666666667,16.248666666666665,16.894666666666666,17.63233333333333,18.407,19.185333333333332],[0.7859289620146058,0.9696927348392319,1.155461620113597,1.2851821747216627,1.391378173690439,1.4870848066678355,1.5445990490163788,1.5793627055098995,1.6243458854430206,1.6663365006304647,1.6455758532771558,1.683042747195962,1.6803438801494,1.640262546735194,1.603188351033319,1.5327517375259492,1.4962725539003665,1.4248642820360955,1.2792528635453175,1.128133118622692,0.8479297664835813],[20.0,19.999666666666666,19.998333333333335,19.987666666666666,19.954,19.918333333333333,19.82133333333333,19.766,19.69,19.607,19.521,19.443,19.359666666666666,19.292,19.223333333333333,19.141333333333332,19.067666666666668,19.022,18.947666666666667,18.894666666666666,18.846666666666668],[0.0,0.01825437542679031,0.048275827859865575,0.11908493700809465,0.2392014492709734,0.2983240222010647,0.4428072066060151,0.4822627223136077,0.5359415391004119,0.5743555809194696,0.615542308321141,0.6429756345824156,0.65851339309758,0.6563048072351849,0.6548197377056355,0.6439654925192405,0.6375117428112386,0.6368013819080497,0.6273711465755606,0.5951791513672395,0.585794806699035],[4.282333333333334,5.543666666666667,6.41,7.261666666666667,8.112666666666666,8.766,9.518,10.194666666666667,10.904,11.635666666666667,12.356333333333334,12.984333333333334,13.731333333333334,14.430333333333333,15.044333333333332,15.706666666666667,16.411666666666665,17.049,17.74266666666667,18.484666666666666,19.231333333333332],[1.1523691056061494,1.1042764851048663,1.2891470048058917,1.400903478315179,1.4340988653351536,1.5050727557164907,1.5335175251688162,1.5584516532621693,1.5929377472666055,1.6402015797523797,1.603546035787207,1.6547168606408236,1.657855509050437,1.6341603008545011,1.5536090956937052,1.5008738195538696,1.4592911140535223,1.3781384787700395,1.250511717480301,1.1074437031089,0.8232971651974923],[17.994,17.940666666666665,18.214,18.311,18.38233333333333,18.509666666666668,18.609,18.692666666666668,18.728,18.782333333333334,18.80366666666667,18.801,18.813,18.816666666666666,18.826,18.818,18.828333333333333,18.807,18.807666666666666,18.804666666666666,18.795],[0.6777147876011905,0.4971380313577162,0.5763714080347816,0.5924066733812778,0.630466405836889,0.6505688963429512,0.6532883487914566,0.5815607353397294,0.5525842318898844,0.5192506352641564,0.49442210935821024,0.48449182999646767,0.48856695208198103,0.493682309002675,0.4862002331001713,0.4921476743146712,0.5198049847993117,0.5187333933084736,0.5360421832488734,0.5414593449394141,0.5498257299666218]],"time_results":[{"time_optimal":{"secs":0,"nanos":40081},"space_optimal_approximated":{"secs":4,"nanos":286342900},"full":null},{"time_optimal":{"secs":0,"nanos":18277},"space_optimal_approximated":{"secs":0,"nanos":191036280},"full":null},{"time_optimal":{"secs":0,"nanos":21958},"space_optimal_approximated":{"secs":0,"nanos":24281564},"full":null},{"time_optimal":{"secs":0,"nanos":24849},"space_optimal_approximated":{"secs":0,"nanos":6882677},"full":null},{"time_optimal":{"secs":0,"nanos":26673},"space_optimal_approximated":{"secs":0,"nanos":3747528},"full":null},{"time_optimal":{"secs":0,"nanos":25400},"space_optimal_approximated":{"secs":0,"nanos":2576773},"full":null},{"time_optimal":{"secs":0,"nanos":26155},"space_optimal_approximated":{"secs":0,"nanos":2239464},"full":null},{"time_optimal":{"secs":0,"nanos":26271},"space_optimal_approximated":{"secs":0,"nanos":2086756},"full":null},{"time_optimal":{"secs":0,"nanos":26188},"space_optimal_approximated":{"secs":0,"nanos":2008369},"full":null},{"time_optimal":{"secs":0,"nanos":25195},"space_optimal_approximated":{"secs":0,"nanos":2062539},"full":null},{"time_optimal":{"secs":0,"nanos":26190},"space_optimal_approximated":{"secs":0,"nanos":2025287},"full":null},{"time_optimal":{"secs":0,"nanos":26137},"space_optimal_approximated":{"secs":0,"nanos":2012638},"full":null},{"time_optimal":{"secs":0,"nanos":24800},"space_optimal_approximated":{"secs":0,"nanos":2017903},"full":null},{"time_optimal":{"secs":0,"nanos":26005},"space_optimal_approximated":{"secs":0,"nanos":2007643},"full":null},{"time_optimal":{"secs":0,"nanos":25075},"space_optimal_approximated":{"secs":0,"nanos":1952525},"full":null},{"time_optimal":{"secs":0,"nanos":25286},"space_optimal_approximated":{"secs":0,"nanos":2013969},"full":null},{"time_optimal":{"secs":0,"nanos":25140},"space_optimal_approximated":{"secs":0,"nanos":1983320},"full":null},{"time_optimal":{"secs":0,"nanos":25844},"space_optimal_approximated":{"secs":0,"nanos":2025405},"full":null},{"time_optimal":{"secs":0,"nanos":24888},"space_optimal_approximated":{"secs":0,"nanos":1986881},"full":null},{"time_optimal":{"secs":0,"nanos":23326},"space_optimal_approximated":{"secs":0,"nanos":1958731},"full":null},{"time_optimal":{"secs":0,"nanos":22230},"space_optimal_approximated":{"secs":0,"nanos":1971869},"full":null}]}