{"size":20,"num_average":3000,"walltime":10,"ncpus":30,"edge_density_multiplier":13.0,"num_density":21,"seed":4585944703137118925,"results":[[3.081,4.2123333333333335,5.254666666666667,6.222666666666667,7.177666666666667,8.032333333333334,8.839,9.716333333333333,10.471333333333334,11.208666666666666,11.885666666666667,12.667333333333334,13.419,14.121666666666666,14.822,15.522,16.224,16.944333333333333,17.653666666666666,18.403666666666666,19.170333333333332],[0.774879990708232,0.9942742188260638,1.1265633088685765,1.2916731612739811,1.4140136334404847,1.4854700341044305,1.545880223906979,1.5810966306824692,1.6225016349931982,1.6123869124858137,1.6544670508118824,1.685823109212685,1.7121445616536033,1.6359086839497778,1.6463037386824932,1.551402376346435,1.509467014103549,1.4011547222043523,1.2996358036858742,1.1174613590137694,0.8543925067295141],[20.0,19.988666666666667,19.915666666666667,19.724333333333334,19.452333333333332,19.139666666666667,18.900333333333332,18.610666666666667,18.397,18.192,18.073666666666668,17.95,17.808666666666667,17.723,17.652333333333335,17.581,17.521,17.455,17.383666666666667,17.310666666666666,17.239],[0.0,0.12057455047489114,0.3274465181097763,0.6167181059626977,0.8487605996719791,0.9893566371918262,1.0638295080614348,1.0950279549957522,1.0960798328589054,1.0697987349653086,1.0419084519391342,1.0234744745229445,1.0043529702693592,1.0169911504039686,0.9647769460116498,0.9661464692271077,0.9100690449996948,0.9348663006013224,0.8838174145275773,0.8737769865487601,0.8496346273546069],[5.086333333333333,7.0136666666666665,7.72,8.404333333333334,9.112666666666666,9.775333333333334,10.361333333333333,10.987333333333334,11.583666666666666,12.104666666666667,12.616333333333333,13.253333333333334,13.865333333333334,14.455,15.068333333333333,15.713333333333333,16.35333333333333,17.037666666666667,17.707,18.438666666666666,19.188333333333333],[1.8127915550945717,1.3861745520997113,1.4246403054806571,1.4833007861597962,1.624799338038064,1.6077494276852529,1.6268901485827645,1.5932690363596012,1.5789236488471847,1.605110034303608,1.6103208444972088,1.629873887418542,1.632543482490502,1.596446574949066,1.600936357955013,1.5237526775110861,1.4825053869116995,1.3765589546240318,1.2880803546363015,1.1121622583458177,0.8419405494979364],[15.819,15.290333333333333,15.68,15.964,16.111333333333334,16.25,16.418333333333333,16.604,16.732666666666667,16.881333333333334,17.011666666666667,17.139333333333333,17.199,17.245333333333335,17.306,17.317,17.353,17.335333333333335,17.320333333333334,17.272,17.22],[1.3146250415993108,0.8298834590203403,0.8280096617793654,0.8322884115497395,0.8919668653536731,0.9115005942583545,0.948330404213403,0.9660144926449088,0.9608327406763094,0.9729259421399518,0.9637758499199296,0.914650874499234,0.9161872079438717,0.9207668301777427,0.8696918994678502,0.8939673744978772,0.8483656837315697,0.8734328187610616,0.8550165040642281,0.8571363174353809,0.8332266598391174]],"time_results":[{"time_optimal":{"secs":0,"nanos":46036},"space_optimal_approximated":{"secs":4,"nanos":739730176},"full":null},{"time_optimal":{"secs":0,"nanos":20120},"space_optimal_approximated":{"secs":0,"nanos":179335453},"full":null},{"time_optimal":{"secs":0,"nanos":22594},"space_optimal_approximated":{"secs":0,"nanos":25258067},"full":null},{"time_optimal":{"secs":0,"nanos":24499},"space_optimal_approximated":{"secs":0,"nanos":7724120},"full":null},{"time_optimal":{"secs":0,"nanos":26238},"space_optimal_approximated":{"secs":0,"nanos":4461052},"full":null},{"time_optimal":{"secs":0,"nanos":25731},"space_optimal_approximated":{"secs":0,"nanos":2990899},"full":null},{"time_optimal":{"secs":0,"nanos":26068},"space_optimal_approximated":{"secs":0,"nanos":2524736},"full":null},{"time_optimal":{"secs":0,"nanos":25946},"space_optimal_approximated":{"secs":0,"nanos":2264450},"full":null},{"time_optimal":{"secs":0,"nanos":25934},"space_optimal_approximated":{"secs":0,"nanos":2138752},"full":null},{"time_optimal":{"secs":0,"nanos":26758},"space_optimal_approximated":{"secs":0,"nanos":2135002},"full":null},{"time_optimal":{"secs":0,"nanos":26660},"space_optimal_approximated":{"secs":0,"nanos":2099285},"full":null},{"time_optimal":{"secs":0,"nanos":26056},"space_optimal_approximated":{"secs":0,"nanos":2008059},"full":null},{"time_optimal":{"secs":0,"nanos":25949},"space_optimal_approximated":{"secs":0,"nanos":1955871},"full":null},{"time_optimal":{"secs":0,"nanos":25969},"space_optimal_approximated":{"secs":0,"nanos":1957962},"full":null},{"time_optimal":{"secs":0,"nanos":25284},"space_optimal_approximated":{"secs":0,"nanos":1940390},"full":null},{"time_optimal":{"secs":0,"nanos":25363},"space_optimal_approximated":{"secs":0,"nanos":1936676},"full":null},{"time_optimal":{"secs":0,"nanos":25783},"space_optimal_approximated":{"secs":0,"nanos":1987135},"full":null},{"time_optimal":{"secs":0,"nanos":25407},"space_optimal_approximated":{"secs":0,"nanos":2034027},"full":null},{"time_optimal":{"secs":0,"nanos":24959},"space_optimal_approximated":{"secs":0,"nanos":2040233},"full":null},{"time_optimal":{"secs":0,"nanos":23917},"space_optimal_approximated":{"secs":0,"nanos":2016225},"full":null},{"time_optimal":{"secs":0,"nanos":22677},"space_optimal_approximated":{"secs":0,"nanos":2032413},"full":null}]}