{"size":20,"num_average":3000,"walltime":10,"ncpus":30,"edge_density_multiplier":11.0,"num_density":21,"seed":674142333505361569,"results":[[3.0883333333333334,4.226333333333334,5.239,6.165666666666667,7.162,7.982333333333333,8.840333333333334,9.647666666666666,10.472333333333333,11.229666666666667,11.956,12.680666666666667,13.411666666666667,14.063666666666666,14.843,15.526666666666667,16.193666666666665,16.902666666666665,17.617333333333335,18.36766666666667,19.180333333333333],[0.8015800368993276,0.9931968026976747,1.1442081687059034,1.2783666227738482,1.42305633526342,1.485716849051533,1.5522585337357817,1.5944260897123965,1.6020511505220005,1.6682085867447178,1.6629483856492164,1.6530858685769863,1.6984887073186223,1.6563855898377708,1.5890304171621878,1.6064315180617268,1.5018299578255356,1.3966124094473034,1.2923749026071787,1.1092735861314276,0.8636047835799763],[19.998,19.953333333333333,19.780666666666665,19.419666666666668,18.983,18.571666666666665,18.256333333333334,17.955,17.728,17.516,17.386333333333333,17.24,17.093,17.018666666666668,16.916333333333334,16.852333333333334,16.777,16.754666666666665,16.658333333333335,16.593,16.512666666666668],[0.04467661580737703,0.24458581770458368,0.5359349048366018,0.9034451960258888,1.1313904424792354,1.2549358106647888,1.235567301103237,1.258693105301406,1.194438222206006,1.163791504809462,1.1327311635551103,1.1026029808291744,1.0638065300294723,1.0669199699238185,1.050079309174121,1.0236509279154822,1.0282368404214994,0.9985714240298018,0.9617330999583735,0.9560427117376515,0.9569950655857918],[5.501333333333333,7.624333333333333,8.144666666666666,8.751666666666667,9.457333333333333,9.989333333333333,10.571666666666667,11.201333333333332,11.750666666666667,12.258333333333333,12.787666666666667,13.333666666666666,13.908666666666667,14.457333333333333,15.101666666666667,15.702333333333334,16.326,16.981333333333332,17.662333333333333,18.395,19.189666666666668],[2.063653286986181,1.4502440790738873,1.4232843082891846,1.535794220880152,1.632231465067252,1.6341826363319605,1.6147849874071398,1.650696284063855,1.6204421893078842,1.6310315413531489,1.608492427364461,1.6019779094052096,1.6369661640431752,1.592329390826193,1.575012345630628,1.5764076954335962,1.4634630162734015,1.3823837704808704,1.2804873638145886,1.10225904396381,0.8577256101004649],[14.762666666666666,14.127333333333333,14.681333333333333,15.000666666666667,15.205,15.368333333333334,15.57,15.705333333333334,15.908666666666667,16.084666666666667,16.265333333333334,16.359666666666666,16.427666666666667,16.503,16.568666666666665,16.617333333333335,16.611666666666668,16.643,16.599333333333334,16.561333333333334,16.501666666666665],[1.523266081666468,0.9171257032465999,0.9013609463225886,0.9099448090711626,0.9350445622179488,0.9525390047423343,1.0137882750686624,1.051271399570823,1.0805823532809664,1.0555400934539911,1.0734360199326831,1.0342339623551675,1.0328445618237472,1.0106059238562526,1.0168340845760235,0.9927568797153987,0.9883642490948593,0.9655141980658205,0.9445278655968333,0.9509144137209216,0.955683292495761]],"time_results":[{"time_optimal":{"secs":0,"nanos":47984},"space_optimal_approximated":{"secs":4,"nanos":72357226},"full":null},{"time_optimal":{"secs":0,"nanos":13354},"space_optimal_approximated":{"secs":0,"nanos":163627259},"full":null},{"time_optimal":{"secs":0,"nanos":11812},"space_optimal_approximated":{"secs":0,"nanos":18364871},"full":null},{"time_optimal":{"secs":0,"nanos":11363},"space_optimal_approximated":{"secs":0,"nanos":4063675},"full":null},{"time_optimal":{"secs":0,"nanos":11381},"space_optimal_approximated":{"secs":0,"nanos":1808878},"full":null},{"time_optimal":{"secs":0,"nanos":11744},"space_optimal_approximated":{"secs":0,"nanos":1314270},"full":null},{"time_optimal":{"secs":0,"nanos":12205},"space_optimal_approximated":{"secs":0,"nanos":1262890},"full":null},{"time_optimal":{"secs":0,"nanos":12474},"space_optimal_approximated":{"secs":0,"nanos":1059639},"full":null},{"time_optimal":{"secs":0,"nanos":12649},"space_optimal_approximated":{"secs":0,"nanos":1014068},"full":null},{"time_optimal":{"secs":0,"nanos":13093},"space_optimal_approximated":{"secs":0,"nanos":1015176},"full":null},{"time_optimal":{"secs":0,"nanos":13234},"space_optimal_approximated":{"secs":0,"nanos":1009419},"full":null},{"time_optimal":{"secs":0,"nanos":13466},"space_optimal_approximated":{"secs":0,"nanos":979328},"full":null},{"time_optimal":{"secs":0,"nanos":13511},"space_optimal_approximated":{"secs":0,"nanos":994052},"full":null},{"time_optimal":{"secs":0,"nanos":13705},"space_optimal_approximated":{"secs":0,"nanos":1027216},"full":null},{"time_optimal":{"secs":0,"nanos":13882},"space_optimal_approximated":{"secs":0,"nanos":1018442},"full":null},{"time_optimal":{"secs":0,"nanos":13751},"space_optimal_approximated":{"secs":0,"nanos":963842},"full":null},{"time_optimal":{"secs":0,"nanos":13772},"space_optimal_approximated":{"secs":0,"nanos":954638},"full":null},{"time_optimal":{"secs":0,"nanos":13699},"space_optimal_approximated":{"secs":0,"nanos":976515},"full":null},{"time_optimal":{"secs":0,"nanos":13578},"space_optimal_approximated":{"secs":0,"nanos":973217},"full":null},{"time_optimal":{"secs":0,"nanos":13273},"space_optimal_approximated":{"secs":0,"nanos":981508},"full":null},{"time_optimal":{"secs":0,"nanos":12779},"space_optimal_approximated":{"secs":0,"nanos":952766},"full":null}]}