{"max_size":45,"num_average":3000,"walltime":192,"ncpus":30,"edge_density":{"reziprocal_square_root":0.5},"correction_density":{"reziprocal_square_root":0.5},"seed":11428470896615464394,"results":[[1.492,1.8693333333333333,2.1466666666666665,2.3733333333333335,2.6233333333333335,2.8276666666666666,3.0076666666666667,3.2133333333333334,3.37,3.528,3.6773333333333333,3.8393333333333333,3.9816666666666665,4.166666666666667,4.266,4.369666666666666,4.505,4.645333333333333,4.779333333333334,4.882666666666666,4.977333333333333,5.108,5.203,5.332,5.4446666666666665,5.535,5.618,5.762666666666667,5.858,5.918,6.057,6.115333333333333,6.191666666666666,6.307,6.405,6.509,6.610333333333333,6.647666666666667,6.784666666666666,6.8196666666666665,6.916,6.971666666666667,7.060333333333333,7.154],[0.499935995903481,0.6035391913998326,0.6676992004055466,0.6850466326381667,0.7376464073133095,0.8111521983505287,0.8320303813897225,0.8804291882687353,0.891309897472996,0.8932427814803179,0.919720730560229,0.9637701431819198,0.9848843699755961,1.0179500096872354,1.0210667624271021,1.0242134651635062,1.0494323862609427,1.1003991195117517,1.0896358209155104,1.0955514086015556,1.1033975812109906,1.1137037308009898,1.103837699422637,1.1574869329715844,1.1805104357390768,1.1579183909067041,1.167651203627735,1.2300431790072257,1.1935253104424066,1.2206320766990608,1.237908585747196,1.2500792863743633,1.2302833910210438,1.2307522090169203,1.2815257833275784,1.2829337473151419,1.2758630630108956,1.3077440711223136,1.305998298450478,1.3338465262373778,1.3224764648189358,1.2791392505205244,1.309208369800435,1.357307629095176],[1.7503333333333333,2.5723333333333334,3.3453333333333335,4.141,4.863666666666667,5.625333333333334,6.427333333333333,7.127,7.874333333333333,8.679666666666666,9.415666666666667,10.137333333333334,10.883,11.583666666666666,12.397666666666666,13.109333333333334,13.879333333333333,14.595,15.265666666666666,15.976666666666667,16.766666666666666,17.461333333333332,18.224,18.897,19.609666666666666,20.377333333333333,21.049333333333333,21.861333333333334,22.509666666666668,23.298,24.145,24.735,25.477,26.202333333333332,26.923333333333332,27.662333333333333,28.317,29.099333333333334,29.745666666666665,30.524333333333335,31.322666666666667,31.920666666666666,32.62233333333333,33.31333333333333],[0.43282008065965205,0.5556688662223823,0.7183858449484003,0.8321372082375247,0.9721521943033805,1.0864122401535872,1.1838015974909937,1.275227169304881,1.4139334810693358,1.4600410572613753,1.5695714560208975,1.6778377619887894,1.7435531728819358,1.8349386607973928,1.9169927548695156,1.987975407851469,2.034888913156869,2.129704596104045,2.2592966211239536,2.2561299213968584,2.2863848222807124,2.4433252387314632,2.52173696751532,2.534638238486904,2.6145694143055893,2.6829622103604405,2.7499514339145867,2.8522689603580864,2.868432769920832,2.9077819725694902,2.9331396716374156,3.0509192603760193,3.0758420527285377,3.168184741386687,3.216435224834406,3.278258870532079,3.2993702934549773,3.3906930789376277,3.366746385194816,3.3958908338690175,3.4289774309875902,3.5411447615456515,3.5968089406521973,3.6146676503134088],[1.7393333333333334,2.433333333333333,3.027,3.6736666666666666,4.2363333333333335,4.783666666666667,5.383333333333334,5.873666666666667,6.362333333333333,6.918333333333333,7.354333333333333,7.856,8.394,8.945333333333334,9.426333333333334,9.962333333333333,10.394666666666666,10.895333333333333,11.398,11.837333333333333,12.320333333333334,12.738,13.089666666666666,13.542,13.860333333333333,14.233666666666666,14.577,14.839333333333334,15.124666666666666,15.292,15.671,15.810333333333332,16.061333333333334,16.177333333333333,16.482333333333333,16.666666666666668,16.865,16.988,17.268333333333334,17.59,17.595,17.794,17.933,18.022],[0.4389983548437936,0.5191873992650112,0.6779412462251693,0.7415118939631908,0.8570180213326372,0.942797197469102,1.05153327204718,1.1432584523583966,1.207634556570076,1.3415155194364583,1.4255225552601731,1.532295880914231,1.6058530443349877,1.6776009325488939,1.778549939948014,1.9060206073271126,1.9306919887842118,2.0324972051367953,2.0632327385279012,2.131245228081991,2.168498687008027,2.25906086682056,2.2845042982863837,2.352212292006544,2.3619539698215086,2.3836386517721815,2.386085567060263,2.4402567260206696,2.4782638187964627,2.590894826117037,2.5915424621899086,2.7069712267074606,2.7687972519168382,2.902163484176757,2.9118758940281677,3.048752021547303,3.1179226524509316,3.2661683973733098,3.4117928652771297,3.6287601188284877,3.7231225693853682,3.7800657842600187,3.989299562579881,4.133543596802434],[1.503,1.797,2.0443333333333333,2.201,2.384,2.6083333333333334,2.751,2.9873333333333334,3.208,3.4423333333333335,3.702,3.9646666666666666,4.201666666666667,4.497,4.7763333333333335,5.0536666666666665,5.370333333333333,5.692,5.945666666666667,6.311,6.627666666666666,6.964333333333333,7.331,7.6146666666666665,8.051,8.392666666666667,8.774333333333333,9.201,9.601333333333333,9.986333333333333,10.416333333333334,10.799666666666667,11.300333333333333,11.788,12.216333333333333,12.696,13.133666666666667,13.635666666666667,14.144666666666666,14.599,15.147333333333334,15.567666666666666,16.133666666666667,16.661666666666665],[0.49999099991901025,0.5289527389096247,0.5504857450974951,0.553713825003487,0.5937541578801823,0.6690270713672215,0.718098646890987,0.770609859498012,0.823449654401115,0.8790190871394911,0.9351627309368764,0.9740387854472612,1.0403511693440566,1.0673913683993088,1.112192978858533,1.1653840091956453,1.2156698656387872,1.2839273084303977,1.2889457793957804,1.3287634602642113,1.3551265213583952,1.393458965627926,1.4401755680008799,1.4397401000026373,1.5120843230455248,1.52942676262131,1.5414520931756197,1.5618148631213478,1.5955348807079017,1.6246476199129556,1.6616256765255253,1.7650873129174778,1.7430241599651464,1.8183479681659882,1.829626525338499,1.9182241787653285,2.021171250097911,2.0905169748706176,2.141278019210858,2.2079097958627454,2.3560474434008114,2.456980780461166,2.5578245748204687,2.557315758542332],[1.492,1.8693333333333333,2.1466666666666665,2.3733333333333335,2.6233333333333335,2.8276666666666666,3.0076666666666667,3.2133333333333334,3.37,3.528,3.6773333333333333,3.8393333333333333,3.9816666666666665,4.166666666666667,4.266,4.369666666666666,4.505,4.645333333333333,4.779333333333334],[0.499935995903481,0.6035391913998326,0.6676992004055466,0.6850466326381667,0.7376464073133095,0.8111521983505287,0.8320303813897225,0.8804291882687353,0.891309897472996,0.8932427814803179,0.919720730560229,0.9637701431819198,0.9848843699755961,1.0179500096872354,1.0210667624271021,1.0242134651635062,1.0494323862609427,1.1003991195117517,1.0896358209155104],[1.7503333333333333,2.358,2.8786666666666667,3.3276666666666666,3.7356666666666665,4.189,4.591666666666667,4.996666666666667,5.423666666666667,5.844,6.277,6.769666666666667,7.22,7.743666666666667,8.272333333333334,8.831333333333333,9.298,9.805666666666667,10.280666666666667],[0.43282008065965205,0.5420664165948598,0.7411330664747167,0.7769392225621937,0.8792769125189733,0.9905952755792921,1.0438377374967207,1.1378293174090712,1.2294334286798614,1.252330094929717,1.2913575544106095,1.3921014889567147,1.4091131963046795,1.520293794706205,1.56018200505229,1.6910208619515952,1.7766624140036995,1.9775155849926602,2.077633161931036],[1.7393333333333334,2.4303333333333335,3.003,3.61,4.137666666666667,4.673333333333333,5.229,5.683333333333334,6.176666666666667,6.745333333333333,7.185,7.606333333333334,8.046,8.425,8.721666666666666,9.101666666666667,9.384333333333334,9.715666666666667,10.028333333333334],[0.4389983548437936,0.5187933649879855,0.6630668644010685,0.7150058274820924,0.8140728195656443,0.9055139731420847,0.9925853447772917,1.0861501840087318,1.1422735613192239,1.2598193874079255,1.3347065844846704,1.3899735808840363,1.4349973286850886,1.4723139384429227,1.5339047848184317,1.5631156564872475,1.6486220171875547,1.735940059129028,1.757326726087724],[1.503,1.797,2.0443333333333333,