{"size":20,"num_average":1000,"walltime":3,"ncpus":30,"edge_density_multiplier":17.0,"num_density":20,"seed":4321611356462546648,"results":[[3.161,4.33,5.371,6.404,7.386,8.118,9.112,10.008,10.857,11.61,12.327,13.191,13.882,14.605,15.379,16.049,16.797,17.578,18.326,19.126],[0.7981722871661245,1.024255827418127,1.190528874072362,1.3186295916594533,1.4089016999067001,1.4879771503621988,1.5470798298730446,1.6346057628676092,1.6475894512893747,1.6339828640472325,1.6510817666003186,1.6847904914261653,1.7216492093338924,1.6207945582337124,1.5496318917730096,1.4814179018764433,1.4049167235106856,1.3167824421672667,1.1557352638039542,0.8579766896600406],[20.0,20.0,19.993,19.966,19.905,19.795,19.715,19.58,19.478,19.354,19.256,19.213,19.064,18.972,18.88,18.796,18.762,18.709,18.628,18.54],[0.0,0.0,0.0833726573883778,0.21176401960673064,0.3346266576350396,0.4969657935914682,0.5690123021517202,0.658483105326175,0.6881249886466857,0.7257299773331729,0.7473044894820342,0.7332332507463082,0.7402053769056274,0.7343132846408298,0.7560423268574363,0.690205766420417,0.7261928118619773,0.6695662775259775,0.6705341154631848,0.6280127387243014],[4.497,5.921,6.622,7.581,8.384,8.987,9.824,10.575,11.364,12.053,12.726,13.538,14.155,14.869,15.555,16.247,16.949,17.691,18.416,19.162],[1.2601551491780716,1.1852252950388795,1.3824311917777337,1.3658107482371085,1.4555218995260706,1.5095797428423579,1.5674897128849057,1.6107063667844612,1.6029672485737223,1.6303959641755772,1.641622368268664,1.6734861815981614,1.6991100611790944,1.5798224583794265,1.5378475217003775,1.4560188872401374,1.3987133373211267,1.290549882801898,1.1193498112743814,0.8353179035552866],[17.634,17.492,17.866,17.946,18.048,18.149,18.31,18.403,18.467,18.515,18.544,18.596,18.591,18.567,18.583,18.535,18.558,18.566,18.525,18.5],[0.7389479007345537,0.6049264418092505,0.676789479823679,0.6395967479592185,0.6615859732491256,0.7448483067041207,0.742899724054322,0.7311573018167855,0.6625035848959604,0.6432534492717454,0.6083288584310312,0.5973139877819688,0.5862755324930439,0.5809569691466,0.5925462007303671,0.5733890476805457,0.6137067703716504,0.5810714241812279,0.5927689263110864,0.6016643582596529]],"time_results":[{"time_optimal":{"secs":0,"nanos":38557},"space_optimal_approximated":{"secs":3,"nanos":453630409},"full":null},{"time_optimal":{"secs":0,"nanos":20086},"space_optimal_approximated":{"secs":0,"nanos":178571815},"full":null},{"time_optimal":{"secs":0,"nanos":23158},"space_optimal_approximated":{"secs":0,"nanos":21091212},"full":null},{"time_optimal":{"secs":0,"nanos":25017},"space_optimal_approximated":{"secs":0,"nanos":6011085},"full":null},{"time_optimal":{"secs":0,"nanos":26363},"space_optimal_approximated":{"secs":0,"nanos":3285909},"full":null},{"time_optimal":{"secs":0,"nanos":25530},"space_optimal_approximated":{"secs":0,"nanos":2398557},"full":null},{"time_optimal":{"secs":0,"nanos":26462},"space_optimal_approximated":{"secs":0,"nanos":2200399},"full":null},{"time_optimal":{"secs":0,"nanos":26933},"space_optimal_approximated":{"secs":0,"nanos":2109826},"full":null},{"time_optimal":{"secs":0,"nanos":25383},"space_optimal_approximated":{"secs":0,"nanos":2013925},"full":null},{"time_optimal":{"secs":0,"nanos":27488},"space_optimal_approximated":{"secs":0,"nanos":2080262},"full":null},{"time_optimal":{"secs":0,"nanos":24415},"space_optimal_approximated":{"secs":0,"nanos":1941433},"full":null},{"time_optimal":{"secs":0,"nanos":25938},"space_optimal_approximated":{"secs":0,"nanos":2041260},"full":null},{"time_optimal":{"secs":0,"nanos":25445},"space_optimal_approximated":{"secs":0,"nanos":2019399},"full":null},{"time_optimal":{"secs":0,"nanos":26244},"space_optimal_approximated":{"secs":0,"nanos":2036619},"full":null},{"time_optimal":{"secs":0,"nanos":24747},"space_optimal_approximated":{"secs":0,"nanos":2057461},"full":null},{"time_optimal":{"secs":0,"nanos":26633},"space_optimal_approximated":{"secs":0,"nanos":2095826},"full":null},{"time_optimal":{"secs":0,"nanos":26683},"space_optimal_approximated":{"secs":0,"nanos":2091659},"full":null},{"time_optimal":{"secs":0,"nanos":25002},"space_optimal_approximated":{"secs":0,"nanos":1998686},"full":null},{"time_optimal":{"secs":0,"nanos":25172},"space_optimal_approximated":{"secs":0,"nanos":2034020},"full":null},{"time_optimal":{"secs":0,"nanos":22816},"space_optimal_approximated":{"secs":0,"nanos":1916144},"full":null}]}