{"size":20,"num_average":1000,"walltime":3,"ncpus":30,"edge_density_multiplier":18.0,"num_density":20,"seed":5680877263926948007,"results":[[3.083,4.291,5.349,6.362,7.422,8.281,9.105,10.007,10.754,11.568,12.314,13.093,13.821,14.583,15.373,16.1,16.785,17.508,18.289,19.098],[0.8000693719922047,1.0061406462319356,1.1811854215151854,1.3345246344672688,1.4106438246417805,1.527101502847796,1.5283896754427502,1.555940551563586,1.6023370431965944,1.6411508157387538,1.6454190955498171,1.5888206317895093,1.679571076197736,1.6134159414112652,1.5250806536049162,1.5192103211866346,1.427156263343301,1.2914859658548394,1.157358630675907,0.8935300778373404],[20.0,20.0,19.997,19.981,19.956,19.888,19.804,19.705,19.633,19.551,19.467,19.361,19.288,19.184,19.113,19.072,18.964,18.943,18.856,18.808],[0.0,0.0,0.05469003565550115,0.15696814963552555,0.2281753711512275,0.3570098037869573,0.4556138716062122,0.5328930474307224,0.5677244049712844,0.6159537320286302,0.620411959910508,0.6408424143266408,0.6730943470272173,0.6768633540087754,0.663499058024949,0.6251527813262912,0.6486169902184243,0.6570776209855258,0.599386352864328,0.5823538443249079],[4.286,5.685,6.507,7.467,8.331,9.039,9.737,10.534,11.221,11.993,12.689,13.371,14.117,14.829,15.564,16.28,16.941,17.629,18.368,19.135],[1.141141533728401,1.1746382421835282,1.3091795140468712,1.459764022025476,1.4441049130863017,1.4978247561046634,1.5032734282225615,1.5546202108553655,1.5633806318360188,1.6201700528031022,1.6328744593507478,1.567596567998285,1.6252110632160988,1.593034525677333,1.507283649483401,1.463420650394139,1.3897909914803712,1.26465766118741,1.1360352107219176,0.882482294439954],[17.924,17.899,18.15,18.302,18.398,18.504,18.585,18.679,18.733,18.76,18.766,18.809,18.78,18.773,18.81,18.802,18.757,18.774,18.765,18.765],[0.6497876576236307,0.5628490028417891,0.5652433104425026,0.6072857646940221,0.6477623020831063,0.6678203351201556,0.63306792684514,0.598296749113684,0.5845605186804824,0.5219195340279962,0.5071922712344885,0.49042736465250747,0.4853864439804588,0.5074160029009696,0.4958830507287007,0.4866168924318217,0.5176398361795544,0.5375165113743023,0.5289376144688541,0.556574343641531]],"time_results":[{"time_optimal":{"secs":0,"nanos":39150},"space_optimal_approximated":{"secs":4,"nanos":18329259},"full":null},{"time_optimal":{"secs":0,"nanos":11094},"space_optimal_approximated":{"secs":0,"nanos":140165995},"full":null},{"time_optimal":{"secs":0,"nanos":10740},"space_optimal_approximated":{"secs":0,"nanos":15072027},"full":null},{"time_optimal":{"secs":0,"nanos":10883},"space_optimal_approximated":{"secs":0,"nanos":2832514},"full":null},{"time_optimal":{"secs":0,"nanos":11673},"space_optimal_approximated":{"secs":0,"nanos":1372271},"full":null},{"time_optimal":{"secs":0,"nanos":12284},"space_optimal_approximated":{"secs":0,"nanos":1195742},"full":null},{"time_optimal":{"secs":0,"nanos":12563},"space_optimal_approximated":{"secs":0,"nanos":1012687},"full":null},{"time_optimal":{"secs":0,"nanos":12989},"space_optimal_approximated":{"secs":0,"nanos":986916},"full":null},{"time_optimal":{"secs":0,"nanos":13262},"space_optimal_approximated":{"secs":0,"nanos":1157551},"full":null},{"time_optimal":{"secs":0,"nanos":13322},"space_optimal_approximated":{"secs":0,"nanos":1058067},"full":null},{"time_optimal":{"secs":0,"nanos":13122},"space_optimal_approximated":{"secs":0,"nanos":1123091},"full":null},{"time_optimal":{"secs":0,"nanos":13126},"space_optimal_approximated":{"secs":0,"nanos":967390},"full":null},{"time_optimal":{"secs":0,"nanos":13267},"space_optimal_approximated":{"secs":0,"nanos":967236},"full":null},{"time_optimal":{"secs":0,"nanos":13190},"space_optimal_approximated":{"secs":0,"nanos":960546},"full":null},{"time_optimal":{"secs":0,"nanos":13135},"space_optimal_approximated":{"secs":0,"nanos":998906},"full":null},{"time_optimal":{"secs":0,"nanos":13201},"space_optimal_approximated":{"secs":0,"nanos":1067868},"full":null},{"time_optimal":{"secs":0,"nanos":12814},"space_optimal_approximated":{"secs":0,"nanos":986076},"full":null},{"time_optimal":{"secs":0,"nanos":13374},"space_optimal_approximated":{"secs":0,"nanos":1076866},"full":null},{"time_optimal":{"secs":0,"nanos":12750},"space_optimal_approximated":{"secs":0,"nanos":993628},"full":null},{"time_optimal":{"secs":0,"nanos":12220},"space_optimal_approximated":{"secs":0,"nanos":1024992},"full":null}]}