{"size":20,"num_average":1000,"walltime":3,"ncpus":30,"edge_density_multiplier":7.0,"num_density":20,"seed":1720606889527991771,"results":[[3.128,4.342,5.477,6.435,7.406,8.165,9.11,10.007,10.838,11.53,12.408,13.12,13.799,14.616,15.26,16.043,16.843,17.509,18.353,19.105],[0.780779098080886,1.009473129904908,1.2237119759159039,1.3732352311239326,1.4426239981367264,1.5112163974758823,1.5204933409916592,1.5540112612204573,1.6672600277101377,1.625146147274148,1.6617869899599054,1.6880758276807333,1.6536622992618546,1.6341799166554491,1.5768322675541588,1.5359527987539223,1.4540808093087572,1.298429435895529,1.1092299130477838,0.87291179394026],[19.955,19.548,18.863,17.987,17.285,16.766,16.209,16.021,15.728,15.56,15.501,15.39,15.184,15.166,15.065,15.012,14.914,14.801,14.785,14.707],[0.21207310060448617,0.8109845867832457,1.3031619239373105,1.5267059310816882,1.6284271552636287,1.547657584868178,1.4564748538852317,1.3684147763013952,1.3183383480730633,1.2924395537122766,1.319090216778216,1.2457527844640814,1.2923405124037546,1.2051738463806796,1.2364364116281905,1.1873735722172691,1.2282524170544042,1.279608924632833,1.18015888760794,1.1896011936779576],[6.454,8.945,9.306,9.661,10.203,10.612,11.117,11.707,12.191,12.633,13.239,13.813,14.264,14.906,15.47,16.198,16.924,17.557,18.37,19.112],[2.5506634431065183,1.667925358042141,1.5653638554661966,1.6468390935364685,1.7099096467357557,1.655734278198043,1.6778888520995656,1.6202317735435297,1.653638110349425,1.6224398293927562,1.607444866861688,1.637690752248426,1.5780697069521334,1.5928477642260763,1.5521275720764696,1.5115541670744075,1.4443766821712412,1.2871483985927952,1.1032225523438062,0.8680184329840028],[12.215,11.504,12.297,12.849,13.194,13.375,13.548,13.85,14.044,14.247,14.488,14.546,14.616,14.772,14.812,14.791,14.799,14.731,14.758,14.698],[1.8206523556132337,1.1410451349530437,1.1237397385515921,1.1799148274345903,1.1037952708722785,1.1429676285879666,1.1677739507284837,1.2138780828402842,1.2814304507073286,1.236119330809128,1.2577185694741095,1.2561385273925805,1.2167760681407165,1.2198426127988793,1.2060912071646945,1.1854615135043423,1.190209645398655,1.2588244516214318,1.1829775991116684,1.1877693378766787]],"time_results":[{"time_optimal":{"secs":0,"nanos":98588},"space_optimal_approximated":{"secs":3,"nanos":834188541},"full":null},{"time_optimal":{"secs":0,"nanos":26238},"space_optimal_approximated":{"secs":0,"nanos":144776859},"full":null},{"time_optimal":{"secs":0,"nanos":14532},"space_optimal_approximated":{"secs":0,"nanos":16458317},"full":null},{"time_optimal":{"secs":0,"nanos":11862},"space_optimal_approximated":{"secs":0,"nanos":4629410},"full":null},{"time_optimal":{"secs":0,"nanos":10983},"space_optimal_approximated":{"secs":0,"nanos":2147095},"full":null},{"time_optimal":{"secs":0,"nanos":11285},"space_optimal_approximated":{"secs":0,"nanos":1477762},"full":null},{"time_optimal":{"secs":0,"nanos":11920},"space_optimal_approximated":{"secs":0,"nanos":1275036},"full":null},{"time_optimal":{"secs":0,"nanos":12537},"space_optimal_approximated":{"secs":0,"nanos":1313676},"full":null},{"time_optimal":{"secs":0,"nanos":12436},"space_optimal_approximated":{"secs":0,"nanos":1063500},"full":null},{"time_optimal":{"secs":0,"nanos":12707},"space_optimal_approximated":{"secs":0,"nanos":1029396},"full":null},{"time_optimal":{"secs":0,"nanos":13013},"space_optimal_approximated":{"secs":0,"nanos":1060853},"full":null},{"time_optimal":{"secs":0,"nanos":13265},"space_optimal_approximated":{"secs":0,"nanos":1017284},"full":null},{"time_optimal":{"secs":0,"nanos":13751},"space_optimal_approximated":{"secs":0,"nanos":1076263},"full":null},{"time_optimal":{"secs":0,"nanos":13597},"space_optimal_approximated":{"secs":0,"nanos":988074},"full":null},{"time_optimal":{"secs":0,"nanos":13337},"space_optimal_approximated":{"secs":0,"nanos":971111},"full":null},{"time_optimal":{"secs":0,"nanos":13636},"space_optimal_approximated":{"secs":0,"nanos":980844},"full":null},{"time_optimal":{"secs":0,"nanos":13238},"space_optimal_approximated":{"secs":0,"nanos":970572},"full":null},{"time_optimal":{"secs":0,"nanos":13091},"space_optimal_approximated":{"secs":0,"nanos":982305},"full":null},{"time_optimal":{"secs":0,"nanos":13162},"space_optimal_approximated":{"secs":0,"nanos":1034300},"full":null},{"time_optimal":{"secs":0,"nanos":12647},"space_optimal_approximated":{"secs":0,"nanos":1111749},"full":null}]}