{"size":20,"num_average":1000,"walltime":3,"ncpus":30,"edge_density_multiplier":5.0,"num_density":20,"seed":8517153575208081733,"results":[[3.18,4.384,5.459,6.391,7.301,8.281,9.142,9.943,10.723,11.524,12.359,13.091,13.847,14.555,15.348,16.098,16.749,17.508,18.35,19.169],[0.8170679286326231,1.0394921837127953,1.2491272953546384,1.3491178599366291,1.4015701908930613,1.5113037418070516,1.564556167096594,1.6418742339168295,1.6187251156388425,1.647247400969264,1.6917798320112445,1.67293723731645,1.6497245224582127,1.6102717162019553,1.5520618544375102,1.5317950254521686,1.412090294563349,1.3601235238021618,1.1240551587889203,0.8674324181168245],[19.715,18.858,17.518,16.504,15.646,15.023,14.626,14.323,14.132,13.896,13.792,13.685,13.6,13.558,13.488,13.429,13.302,13.187,13.118,13.06],[0.5811841360532837,1.267215845860519,1.7797966175942683,1.913631103426152,1.7884865109919117,1.7269832077932912,1.5881196428481088,1.5174554359189592,1.5246560267811202,1.352473289939578,1.3822937459165447,1.434494684549233,1.3608820668963177,1.373548688616452,1.4254318643835604,1.339014189618617,1.3916881834664012,1.402865282199264,1.3513237953947261,1.3749181793837697],[7.287,9.897,9.993,10.207,10.445,10.913,11.28,11.708,12.192,12.743,13.249,13.745,14.316,14.916,15.567,16.214,16.825,17.548,18.364,19.171],[3.0715844445497553,1.9340090485827597,1.6549776433535304,1.6266994190691746,1.5801819515486148,1.7197182908837039,1.6749925372968073,1.7546327251023224,1.6682733588953649,1.6920257090245436,1.6477254018798149,1.6149225987644107,1.5843433971207155,1.5494979832190787,1.5170731689671317,1.5126810635424868,1.3749090879036343,1.351183185212145,1.1142279838524973,0.8658862511900742],[10.153,9.439,10.277,10.921,11.35,11.677,12.035,12.195,12.388,12.536,12.772,12.895,13.044,13.109,13.205,13.248,13.196,13.13,13.099,13.056],[2.004891767652298,1.2713296189423076,1.2554963162032728,1.2801402266939337,1.2278029157808628,1.2404317796638424,1.2898740248566907,1.3575621532732849,1.3687424885638655,1.3223857228509397,1.3490796863047039,1.4380455486527552,1.3813268983119042,1.3096255189938821,1.3888754443793763,1.3298481116277934,1.3991368767922638,1.3860375175297506,1.3472932123335297,1.373631682802925]],"time_results":[{"time_optimal":{"secs":0,"nanos":108039},"space_optimal_approximated":{"secs":3,"nanos":596208241},"full":null},{"time_optimal":{"secs":0,"nanos":32367},"space_optimal_approximated":{"secs":0,"nanos":151821742},"full":null},{"time_optimal":{"secs":0,"nanos":17234},"space_optimal_approximated":{"secs":0,"nanos":22118295},"full":null},{"time_optimal":{"secs":0,"nanos":12478},"space_optimal_approximated":{"secs":0,"nanos":6974551},"full":null},{"time_optimal":{"secs":0,"nanos":11174},"space_optimal_approximated":{"secs":0,"nanos":3020405},"full":null},{"time_optimal":{"secs":0,"nanos":11184},"space_optimal_approximated":{"secs":0,"nanos":1855787},"full":null},{"time_optimal":{"secs":0,"nanos":11825},"space_optimal_approximated":{"secs":0,"nanos":1377443},"full":null},{"time_optimal":{"secs":0,"nanos":12098},"space_optimal_approximated":{"secs":0,"nanos":1188196},"full":null},{"time_optimal":{"secs":0,"nanos":12147},"space_optimal_approximated":{"secs":0,"nanos":1112899},"full":null},{"time_optimal":{"secs":0,"nanos":12703},"space_optimal_approximated":{"secs":0,"nanos":1048941},"full":null},{"time_optimal":{"secs":0,"nanos":12899},"space_optimal_approximated":{"secs":0,"nanos":988216},"full":null},{"time_optimal":{"secs":0,"nanos":13170},"space_optimal_approximated":{"secs":0,"nanos":978783},"full":null},{"time_optimal":{"secs":0,"nanos":13088},"space_optimal_approximated":{"secs":0,"nanos":1025829},"full":null},{"time_optimal":{"secs":0,"nanos":13102},"space_optimal_approximated":{"secs":0,"nanos":960753},"full":null},{"time_optimal":{"secs":0,"nanos":13452},"space_optimal_approximated":{"secs":0,"nanos":998584},"full":null},{"time_optimal":{"secs":0,"nanos":13465},"space_optimal_approximated":{"secs":0,"nanos":965462},"full":null},{"time_optimal":{"secs":0,"nanos":13350},"space_optimal_approximated":{"secs":0,"nanos":984665},"full":null},{"time_optimal":{"secs":0,"nanos":13109},"space_optimal_approximated":{"secs":0,"nanos":942536},"full":null},{"time_optimal":{"secs":0,"nanos":13037},"space_optimal_approximated":{"secs":0,"nanos":940353},"full":null},{"time_optimal":{"secs":0,"nanos":12664},"space_optimal_approximated":{"secs":0,"nanos":1037190},"full":null}]}