{"size":20,"num_average":1000,"walltime":3,"ncpus":30,"edge_density_multiplier":13.0,"num_density":20,"seed":11248628412735163325,"results":[[3.116,4.388,5.398,6.402,7.343,8.396,9.194,9.989,10.815,11.56,12.369,13.135,13.813,14.639,15.33,16.017,16.769,17.531,18.33,19.133],[0.7800923022309632,1.0214969407687906,1.174562046040992,1.3425334260270732,1.405471806903293,1.581513199439071,1.6107029521299108,1.6741800978389427,1.601491492328331,1.6983521425193298,1.7432266060383532,1.6771329702799296,1.6769111485108599,1.6329969381477722,1.5508384828859547,1.5952150325269643,1.407707000764008,1.325533477510096,1.2046161214262414,0.8805174614963692],[19.999,19.991,19.917,19.748,19.485,19.22,18.934,18.621,18.492,18.307,18.19,18.12,17.946,17.846,17.853,17.736,17.685,17.549,17.497,17.407],[0.03160696125855836,0.0944404574321823,0.3407506419656475,0.593713735734657,0.820837986450429,0.9516301802696218,1.037132585545356,1.0437236224211857,1.02953193248194,1.0347709891565362,1.0401442207694154,0.980612053770507,0.9322467484523643,0.9166700605997821,0.9248735048643193,0.9046015697532294,0.8624239096871146,0.8806809865098748,0.8148564290720215,0.8266504702714425],[5.067,6.968,7.652,8.388,9.144,9.946,10.599,11.113,11.753,12.314,12.937,13.626,14.185,14.927,15.531,16.185,16.883,17.615,18.373,19.149],[1.7223562349293353,1.334532127751143,1.3692684178056531,1.5438445517603117,1.5859583853304506,1.598463011770995,1.6087880531630006,1.6709970077770935,1.5830322169810724,1.6520907965363107,1.669440325378539,1.6192973784947617,1.6114512093141469,1.5886066221692496,1.518894005518484,1.5468597221467801,1.381778202172843,1.3018352430319189,1.1882217806453481,0.8745278726261364],[15.976,15.639,16.036,16.271,16.411,16.604,16.687,16.89,17.056,17.19,17.313,17.395,17.409,17.481,17.58,17.513,17.546,17.445,17.445,17.39],[1.179586368181655,0.7646430539800887,0.7853050362757226,0.8194870346747378,0.8978190240800138,0.9365810162500676,0.89388533940322,0.9262289133902047,0.9427958421630865,0.9369631796394198,0.9105113947667062,0.8972039901828359,0.8670173008654468,0.8328499264573415,0.8529947244854527,0.8245186474543772,0.8135625360106011,0.8264230151683819,0.7829271996807844,0.8123422923866536]],"time_results":[{"time_optimal":{"secs":0,"nanos":38050},"space_optimal_approximated":{"secs":3,"nanos":434005059},"full":null},{"time_optimal":{"secs":0,"nanos":20032},"space_optimal_approximated":{"secs":0,"nanos":132290725},"full":null},{"time_optimal":{"secs":0,"nanos":22992},"space_optimal_approximated":{"secs":0,"nanos":20131525},"full":null},{"time_optimal":{"secs":0,"nanos":25219},"space_optimal_approximated":{"secs":0,"nanos":6784314},"full":null},{"time_optimal":{"secs":0,"nanos":26580},"space_optimal_approximated":{"secs":0,"nanos":3970232},"full":null},{"time_optimal":{"secs":0,"nanos":26574},"space_optimal_approximated":{"secs":0,"nanos":2769240},"full":null},{"time_optimal":{"secs":0,"nanos":26495},"space_optimal_approximated":{"secs":0,"nanos":2374904},"full":null},{"time_optimal":{"secs":0,"nanos":26627},"space_optimal_approximated":{"secs":0,"nanos":2228495},"full":null},{"time_optimal":{"secs":0,"nanos":26327},"space_optimal_approximated":{"secs":0,"nanos":2113265},"full":null},{"time_optimal":{"secs":0,"nanos":25264},"space_optimal_approximated":{"secs":0,"nanos":1998288},"full":null},{"time_optimal":{"secs":0,"nanos":27688},"space_optimal_approximated":{"secs":0,"nanos":2085541},"full":null},{"time_optimal":{"secs":0,"nanos":25234},"space_optimal_approximated":{"secs":0,"nanos":1970790},"full":null},{"time_optimal":{"secs":0,"nanos":25090},"space_optimal_approximated":{"secs":0,"nanos":1966378},"full":null},{"time_optimal":{"secs":0,"nanos":24333},"space_optimal_approximated":{"secs":0,"nanos":2015364},"full":null},{"time_optimal":{"secs":0,"nanos":26769},"space_optimal_approximated":{"secs":0,"nanos":2046351},"full":null},{"time_optimal":{"secs":0,"nanos":24453},"space_optimal_approximated":{"secs":0,"nanos":1930305},"full":null},{"time_optimal":{"secs":0,"nanos":24218},"space_optimal_approximated":{"secs":0,"nanos":1937029},"full":null},{"time_optimal":{"secs":0,"nanos":24507},"space_optimal_approximated":{"secs":0,"nanos":1972528},"full":null},{"time_optimal":{"secs":0,"nanos":23699},"space_optimal_approximated":{"secs":0,"nanos":1964689},"full":null},{"time_optimal":{"secs":0,"nanos":23150},"space_optimal_approximated":{"secs":0,"nanos":1982119},"full":null}]}