{"size":20,"num_average":1000,"walltime":3,"ncpus":30,"edge_density_multiplier":9.0,"num_density":20,"seed":1985452711954376599,"results":[[3.122,4.331,5.348,6.442,7.332,8.277,9.204,9.895,10.738,11.534,12.302,13.018,13.855,14.604,15.17,16.098,16.803,17.471,18.261,19.106],[0.7662349509125808,1.0234446736389782,1.145816739273778,1.3829808386235805,1.3725071948809646,1.5291406083156587,1.5434973275001165,1.5999921874809266,1.6332042125833481,1.7443749596918654,1.6675718875059053,1.7046043529218198,1.6546827490488945,1.643527912753539,1.6483628241379378,1.4961269999568907,1.467716253231517,1.3517244541695708,1.1545037895130543,0.8892491214502293],[19.993,19.848,19.485,18.871,18.338,17.808,17.472,17.168,16.966,16.776,16.656,16.556,16.368,16.282,16.319,16.056,16.03,15.938,15.956,15.869],[0.08337265738837851,0.43231470018957047,0.869353207850523,1.2626792941994378,1.35858602966467,1.371545114095768,1.3278614385544925,1.3121646238182103,1.2380807728092789,1.2181231464839661,1.1651883967839705,1.1228820062678004,1.167294307362111,1.2068454747812565,1.0996540365042082,1.1536307901577523,1.0663489110042672,1.0630879549689205,1.074273708139595,1.0713724842462602],[5.756,8.242,8.651,9.207,9.751,10.356,11.054,11.418,12.083,12.564,13.12,13.64,14.313,14.909,15.386,16.218,16.872,17.522,18.286,19.116],[2.150921662915693,1.575257439277782,1.4433291377922088,1.6044160931628628,1.6404264689403176,1.6447686767445489,1.6034600088558495,1.5701197406567406,1.564004795389064,1.6697017697780616,1.6732005259382352,1.6304600577751058,1.622045313793665,1.5775674312053984,1.6220369909468737,1.4739321558335023,1.4420873759935664,1.326467489235981,1.144641428570546,0.8823514039202341],[13.826,13.161,13.774,14.256,14.44,14.64,14.853,15.087,15.24,15.487,15.577,15.753,15.786,15.896,16.031,15.904,15.937,15.885,15.921,15.855],[1.5406894560553044,1.0493231151556766,0.9751533212782431,0.965641755518056,0.9728309205612155,1.0248902380255134,1.069294627312792,1.103372557208127,1.09288608738514,1.1497090936406456,1.1126863888805318,1.1392940796826796,1.1208050677972519,1.1221336818757335,1.0507326015690137,1.1165948235595564,1.040687753363128,1.0629087449071086,1.0624307036225944,1.0630028221975725]],"time_results":[{"time_optimal":{"secs":0,"nanos":63656},"space_optimal_approximated":{"secs":3,"nanos":645833313},"full":null},{"time_optimal":{"secs":0,"nanos":24650},"space_optimal_approximated":{"secs":0,"nanos":172710618},"full":null},{"time_optimal":{"secs":0,"nanos":26018},"space_optimal_approximated":{"secs":0,"nanos":17501752},"full":null},{"time_optimal":{"secs":0,"nanos":25548},"space_optimal_approximated":{"secs":0,"nanos":6789043},"full":null},{"time_optimal":{"secs":0,"nanos":26858},"space_optimal_approximated":{"secs":0,"nanos":4186270},"full":null},{"time_optimal":{"secs":0,"nanos":26757},"space_optimal_approximated":{"secs":0,"nanos":3089935},"full":null},{"time_optimal":{"secs":0,"nanos":25908},"space_optimal_approximated":{"secs":0,"nanos":2448595},"full":null},{"time_optimal":{"secs":0,"nanos":27231},"space_optimal_approximated":{"secs":0,"nanos":2263059},"full":null},{"time_optimal":{"secs":0,"nanos":26549},"space_optimal_approximated":{"secs":0,"nanos":2128092},"full":null},{"time_optimal":{"secs":0,"nanos":25546},"space_optimal_approximated":{"secs":0,"nanos":1972686},"full":null},{"time_optimal":{"secs":0,"nanos":26549},"space_optimal_approximated":{"secs":0,"nanos":1988814},"full":null},{"time_optimal":{"secs":0,"nanos":26222},"space_optimal_approximated":{"secs":0,"nanos":1946997},"full":null},{"time_optimal":{"secs":0,"nanos":27102},"space_optimal_approximated":{"secs":0,"nanos":2006499},"full":null},{"time_optimal":{"secs":0,"nanos":26455},"space_optimal_approximated":{"secs":0,"nanos":1963893},"full":null},{"time_optimal":{"secs":0,"nanos":24864},"space_optimal_approximated":{"secs":0,"nanos":1841192},"full":null},{"time_optimal":{"secs":0,"nanos":24897},"space_optimal_approximated":{"secs":0,"nanos":1875658},"full":null},{"time_optimal":{"secs":0,"nanos":26172},"space_optimal_approximated":{"secs":0,"nanos":1946772},"full":null},{"time_optimal":{"secs":0,"nanos":25455},"space_optimal_approximated":{"secs":0,"nanos":1952119},"full":null},{"time_optimal":{"secs":0,"nanos":26137},"space_optimal_approximated":{"secs":0,"nanos":2021300},"full":null},{"time_optimal":{"secs":0,"nanos":23704},"space_optimal_approximated":{"secs":0,"nanos":1944501},"full":null}]}