{"size":20,"num_average":1000,"walltime":3,"ncpus":30,"edge_density_multiplier":19.0,"num_density":20,"seed":7925858175920955643,"results":[[3.126,4.324,5.36,6.455,7.34,8.224,9.085,9.995,10.775,11.507,12.442,13.069,13.825,14.49,15.287,16.093,16.77,17.536,18.311,19.059],[0.7759664941220074,1.0387608001845279,1.174904251417957,1.4142047235107085,1.3821722034536792,1.5484908782424283,1.5690044614340628,1.6306363788410965,1.7018739671315277,1.6816512718158882,1.6854186423556696,1.6638025724225842,1.6782058872498304,1.5747698244505393,1.6026949179429035,1.4595721975976437,1.4039586888509192,1.2628159010718865,1.1279534564865665,0.8851660861103972],[20.0,20.0,19.997,19.996,19.974,19.948,19.899,19.842,19.748,19.723,19.628,19.537,19.507,19.383,19.359,19.25,19.271,19.17,19.126,19.081],[0.0,0.0,0.05469003565550084,0.06311893535223805,0.16529972776746996,0.23085926448813127,0.30789446243802343,0.3886335034450826,0.4883605225650387,0.4819450176109301,0.5095252692457967,0.5609197803607899,0.5796128017909831,0.5850734996562393,0.5917085431189911,0.5928743543112655,0.5929241098150745,0.5857473858242992,0.560467661868192,0.5407762938591153],[4.305,5.629,6.378,7.386,8.131,8.857,9.619,10.448,11.209,11.882,12.761,13.381,14.135,14.743,15.516,16.265,16.949,17.638,18.398,19.098],[1.0563971790950615,1.058942396922514,1.2438311782553138,1.5049930232396396,1.451150922543898,1.5187333538182455,1.5523656141515114,1.6374663355318175,1.6532752341942407,1.6468381827004162,1.6588788382519075,1.6142611312919606,1.652505673212647,1.5514351420539632,1.5645267655109056,1.4137803931304131,1.3543998670998167,1.2517811310289033,1.1115736592776924,0.8731529075711794],[18.336,18.267,18.562,18.637,18.763,18.84,18.938,18.954,18.94,18.986,19.006,18.984,18.987,18.975,19.012,18.989,19.023,19.039,19.021,19.039],[0.6157142194232628,0.5036973297526995,0.5900474557186088,0.6520973853651051,0.7105146022426331,0.6545227268781418,0.5797896170163775,0.5402628989667894,0.4476605857119913,0.42166811593953624,0.40492468435500056,0.42159696393593643,0.4391252668658455,0.41033522880688966,0.4752430956889369,0.45042091425687614,0.4903784253002979,0.5229521966681064,0.500558687867863,0.5171837197747026]],"time_results":[{"time_optimal":{"secs":0,"nanos":32723},"space_optimal_approximated":{"secs":3,"nanos":223699961},"full":null},{"time_optimal":{"secs":0,"nanos":16862},"space_optimal_approximated":{"secs":0,"nanos":126170034},"full":null},{"time_optimal":{"secs":0,"nanos":20325},"space_optimal_approximated":{"secs":0,"nanos":17005733},"full":null},{"time_optimal":{"secs":0,"nanos":23460},"space_optimal_approximated":{"secs":0,"nanos":5732356},"full":null},{"time_optimal":{"secs":0,"nanos":26019},"space_optimal_approximated":{"secs":0,"nanos":3140143},"full":null},{"time_optimal":{"secs":0,"nanos":27182},"space_optimal_approximated":{"secs":0,"nanos":2632255},"full":null},{"time_optimal":{"secs":0,"nanos":27603},"space_optimal_approximated":{"secs":0,"nanos":2432612},"full":null},{"time_optimal":{"secs":0,"nanos":27549},"space_optimal_approximated":{"secs":0,"nanos":2353764},"full":null},{"time_optimal":{"secs":0,"nanos":28509},"space_optimal_approximated":{"secs":0,"nanos":2345813},"full":null},{"time_optimal":{"secs":0,"nanos":28072},"space_optimal_approximated":{"secs":0,"nanos":2290899},"full":null},{"time_optimal":{"secs":0,"nanos":28733},"space_optimal_approximated":{"secs":0,"nanos":2345906},"full":null},{"time_optimal":{"secs":0,"nanos":27607},"space_optimal_approximated":{"secs":0,"nanos":2285825},"full":null},{"time_optimal":{"secs":0,"nanos":27484},"space_optimal_approximated":{"secs":0,"nanos":2343388},"full":null},{"time_optimal":{"secs":0,"nanos":26466},"space_optimal_approximated":{"secs":0,"nanos":2311563},"full":null},{"time_optimal":{"secs":0,"nanos":26842},"space_optimal_approximated":{"secs":0,"nanos":2302856},"full":null},{"time_optimal":{"secs":0,"nanos":27443},"space_optimal_approximated":{"secs":0,"nanos":2317532},"full":null},{"time_optimal":{"secs":0,"nanos":27813},"space_optimal_approximated":{"secs":0,"nanos":2358641},"full":null},{"time_optimal":{"secs":0,"nanos":26236},"space_optimal_approximated":{"secs":0,"nanos":2320092},"full":null},{"time_optimal":{"secs":0,"nanos":24588},"space_optimal_approximated":{"secs":0,"nanos":2352416},"full":null},{"time_optimal":{"secs":0,"nanos":26344},"space_optimal_approximated":{"secs":0,"nanos":2426200},"full":null}]}