{"size":20,"num_average":1000,"walltime":3,"ncpus":30,"edge_density_multiplier":4.0,"num_density":20,"seed":927184743859611407,"results":[[3.135,4.308,5.409,6.416,7.271,8.231,9.144,9.922,10.725,11.543,12.179,13.084,13.788,14.536,15.287,15.979,16.738,17.539,18.267,19.136],[0.8202286266645433,0.9915321477390465,1.2311454016484025,1.3186902593103524,1.3991279426843004,1.4831179993513666,1.5916230709561765,1.6118051991478444,1.6496590556839306,1.6438220706633642,1.6765914827411057,1.7160839140321766,1.6022034827074876,1.6518789301882897,1.569914328872758,1.5442017355255138,1.4357423167128538,1.2978748013579688,1.157458854560281,0.868046081726081],[19.461,18.187,16.542,15.186,14.578,14.01,13.529,13.268,12.99,12.906,12.75,12.597,12.573,12.405,12.318,12.261,12.108,12.095,12.048,11.907],[0.8040391781499235,1.539490500133082,2.049935608744819,1.9306485956796962,1.8734769814438672,1.7910611379849752,1.6134308166140958,1.6310045983994121,1.568406834976181,1.5195933666609653,1.507149627608354,1.52728222670206,1.4548783454296068,1.5043187827053188,1.3924352767723214,1.4432182787090782,1.451322155828958,1.441518296796814,1.481113094939088,1.5067683962706448],[7.567,10.389,10.407,10.502,10.627,11.009,11.462,11.719,12.274,12.771,13.119,13.765,14.302,14.878,15.503,16.117,16.827,17.571,18.28,19.138],[3.254767426406983,2.092290371817447,1.7650356936900793,1.677496944855637,1.7418010793428729,1.709069629944913,1.7494444832574696,1.6559103236588608,1.6724006696961167,1.634184506106945,1.6759591283799196,1.6370018326196218,1.613938040942094,1.5713421015170472,1.56971048285982,1.503765606735308,1.4265591470387848,1.2918819605521243,1.1530828244319677,0.8654224401990017],[8.874,8.16,8.984,9.708,10.248,10.679,10.848,11.229,11.292,11.555,11.721,11.85,11.951,11.998,12.034,12.075,11.989,12.039,12.025,11.904],[2.0322706512666997,1.265859391875736,1.3182351838727453,1.3822937459165525,1.3230631126291776,1.319075054725848,1.3931604358436291,1.4589581899423976,1.4417822304356556,1.4855891087376722,1.474842025438661,1.5341121210654727,1.4712576252988456,1.4546463487734715,1.383056036464186,1.3882993193112236,1.436968684418698,1.4413462457022512,1.485387154919549,1.5075755370793094]],"time_results":[{"time_optimal":{"secs":0,"nanos":130849},"space_optimal_approximated":{"secs":3,"nanos":260447716},"full":null},{"time_optimal":{"secs":0,"nanos":45827},"space_optimal_approximated":{"secs":0,"nanos":174161166},"full":null},{"time_optimal":{"secs":0,"nanos":31545},"space_optimal_approximated":{"secs":0,"nanos":35635327},"full":null},{"time_optimal":{"secs":0,"nanos":27351},"space_optimal_approximated":{"secs":0,"nanos":15855491},"full":null},{"time_optimal":{"secs":0,"nanos":27457},"space_optimal_approximated":{"secs":0,"nanos":9003397},"full":null},{"time_optimal":{"secs":0,"nanos":27392},"space_optimal_approximated":{"secs":0,"nanos":6247043},"full":null},{"time_optimal":{"secs":0,"nanos":28866},"space_optimal_approximated":{"secs":0,"nanos":4343825},"full":null},{"time_optimal":{"secs":0,"nanos":27842},"space_optimal_approximated":{"secs":0,"nanos":3403651},"full":null},{"time_optimal":{"secs":0,"nanos":28016},"space_optimal_approximated":{"secs":0,"nanos":2821572},"full":null},{"time_optimal":{"secs":0,"nanos":27182},"space_optimal_approximated":{"secs":0,"nanos":2450470},"full":null},{"time_optimal":{"secs":0,"nanos":26496},"space_optimal_approximated":{"secs":0,"nanos":2275328},"full":null},{"time_optimal":{"secs":0,"nanos":26738},"space_optimal_approximated":{"secs":0,"nanos":2186001},"full":null},{"time_optimal":{"secs":0,"nanos":26944},"space_optimal_approximated":{"secs":0,"nanos":2137100},"full":null},{"time_optimal":{"secs":0,"nanos":25730},"space_optimal_approximated":{"secs":0,"nanos":2041328},"full":null},{"time_optimal":{"secs":0,"nanos":26140},"space_optimal_approximated":{"secs":0,"nanos":2018481},"full":null},{"time_optimal":{"secs":0,"nanos":26054},"space_optimal_approximated":{"secs":0,"nanos":2009603},"full":null},{"time_optimal":{"secs":0,"nanos":24590},"space_optimal_approximated":{"secs":0,"nanos":1913993},"full":null},{"time_optimal":{"secs":0,"nanos":25554},"space_optimal_approximated":{"secs":0,"nanos":2011988},"full":null},{"time_optimal":{"secs":0,"nanos":25438},"space_optimal_approximated":{"secs":0,"nanos":2045018},"full":null},{"time_optimal":{"secs":0,"nanos":23465},"space_optimal_approximated":{"secs":0,"nanos":2002927},"full":null}]}