{"size":20,"num_average":1000,"walltime":3,"ncpus":30,"edge_density_multiplier":8.0,"num_density":20,"seed":9505394707668472554,"results":[[3.11,4.304,5.34,6.447,7.363,8.242,9.008,9.997,10.662,11.509,12.351,13.164,13.835,14.531,15.323,16.055,16.817,17.513,18.296,19.105],[0.7873372847769855,1.035173415423713,1.1429785649783633,1.3860703445352152,1.4040053418701819,1.5229694678489132,1.5511079910825012,1.5456361150024924,1.6345507027926662,1.7227649288280833,1.6958180916596017,1.652605216014999,1.6690641090143858,1.6177264910979188,1.576918196990572,1.5139270127717555,1.3854641821425677,1.3007040401259589,1.1455932960697737,0.8955305689924841],[19.971,19.749,19.218,18.537,17.829,17.325,16.979,16.609,16.445,16.291,16.032,15.958,15.809,15.811,15.713,15.591,15.522,15.475,15.396,15.307],[0.17932930602665093,0.5865142794510639,1.0698018508116334,1.3800836931142992,1.4865258154502423,1.515049504141696,1.401627268570357,1.3183774118210592,1.3095705402917381,1.2823100249159736,1.2637151577788364,1.1967606276946137,1.1723988229267392,1.1846007766332083,1.1843272351845995,1.1531344240807337,1.093396542888258,1.1372664595423532,1.1050719433593488,1.1422569763411359],[6.097,8.465,8.88,9.414,9.992,10.447,10.945,11.586,12.043,12.581,13.188,13.776,14.28,14.899,15.548,16.196,16.877,17.55,18.309,19.108],[2.3718328355936067,1.6033636518269916,1.5011995203836193,1.5667175878249404,1.6649132109512508,1.6429214832121455,1.6911460611076747,1.5787982771715987,1.6706738161592205,1.672554632889462,1.6120347390797736,1.6241379251775403,1.6154256405046943,1.5908485157298973,1.5269891944607923,1.4620478788329774,1.3899176234583077,1.29363828020046,1.1460885655131507,0.8946150009920445],[13.051,12.441,13.089,13.528,13.852,14.062,14.289,14.473,14.677,14.92,14.989,15.194,15.252,15.33,15.412,15.404,15.441,15.423,15.377,15.302],[1.675231028843481,1.069821947802533,1.0588101812884139,0.9618814895817477,1.0459904397268618,1.089107891808706,1.1329073218935473,1.2244472222190712,1.2085822272398379,1.202331069215129,1.2061836510250035,1.2167020999406584,1.1324733992460911,1.1485207877961976,1.1782427593666764,1.137006596286933,1.0874368947207953,1.1331685664542563,1.1103472429830226,1.1405244407727544]],"time_results":[{"time_optimal":{"secs":0,"nanos":80514},"space_optimal_approximated":{"secs":3,"nanos":632611879},"full":null},{"time_optimal":{"secs":0,"nanos":20796},"space_optimal_approximated":{"secs":0,"nanos":123525490},"full":null},{"time_optimal":{"secs":0,"nanos":13426},"space_optimal_approximated":{"secs":0,"nanos":16644841},"full":null},{"time_optimal":{"secs":0,"nanos":11704},"space_optimal_approximated":{"secs":0,"nanos":4074958},"full":null},{"time_optimal":{"secs":0,"nanos":11629},"space_optimal_approximated":{"secs":0,"nanos":1801319},"full":null},{"time_optimal":{"secs":0,"nanos":11845},"space_optimal_approximated":{"secs":0,"nanos":1267119},"full":null},{"time_optimal":{"secs":0,"nanos":12457},"space_optimal_approximated":{"secs":0,"nanos":1178095},"full":null},{"time_optimal":{"secs":0,"nanos":12990},"space_optimal_approximated":{"secs":0,"nanos":972829},"full":null},{"time_optimal":{"secs":0,"nanos":13086},"space_optimal_approximated":{"secs":0,"nanos":923183},"full":null},{"time_optimal":{"secs":0,"nanos":13354},"space_optimal_approximated":{"secs":0,"nanos":906872},"full":null},{"time_optimal":{"secs":0,"nanos":13524},"space_optimal_approximated":{"secs":0,"nanos":973452},"full":null},{"time_optimal":{"secs":0,"nanos":13846},"space_optimal_approximated":{"secs":0,"nanos":915764},"full":null},{"time_optimal":{"secs":0,"nanos":13836},"space_optimal_approximated":{"secs":0,"nanos":880492},"full":null},{"time_optimal":{"secs":0,"nanos":14075},"space_optimal_approximated":{"secs":0,"nanos":872369},"full":null},{"time_optimal":{"secs":0,"nanos":14461},"space_optimal_approximated":{"secs":0,"nanos":993886},"full":null},{"time_optimal":{"secs":0,"nanos":13965},"space_optimal_approximated":{"secs":0,"nanos":911319},"full":null},{"time_optimal":{"secs":0,"nanos":13881},"space_optimal_approximated":{"secs":0,"nanos":919709},"full":null},{"time_optimal":{"secs":0,"nanos":13808},"space_optimal_approximated":{"secs":0,"nanos":863038},"full":null},{"time_optimal":{"secs":0,"nanos":13401},"space_optimal_approximated":{"secs":0,"nanos":865010},"full":null},{"time_optimal":{"secs":0,"nanos":12843},"space_optimal_approximated":{"secs":0,"nanos":862555},"full":null}]}