{"size":20,"num_average":1000,"walltime":3,"ncpus":30,"edge_density_multiplier":1.0,"num_density":20,"seed":10308517692392019983,"results":[[3.12,4.342,5.387,6.371,7.374,8.262,9.108,9.95,10.868,11.553,12.312,13.157,13.713,14.646,15.346,15.979,16.746,17.551,18.322,19.163],[0.7934733769950991,1.008482027603869,1.151186778937287,1.3532771334800608,1.4107175479166603,1.5024499991680227,1.5518814387703777,1.631410432723783,1.5513142815045542,1.6742732751853882,1.6681294913764926,1.5812498221343774,1.6354299128975252,1.6848394582274073,1.564699332140203,1.522024638433953,1.4572178972274519,1.2749113694684786,1.141190606340586,0.842870689963765],[16.218,13.013,10.847,9.419,8.516,8.11,7.609,7.367,7.12,6.947,6.85,6.716,6.568,6.556,6.42,6.365,6.157,6.16,6.012,5.975],[1.9739493407886712,2.223247849431097,2.1715411577955357,1.9280661295712882,1.7134012956689457,1.6552643293444071,1.606274883075741,1.5538053288620148,1.491174034108698,1.5440825755120808,1.5269250145308386,1.473548098977436,1.425263484412615,1.4949461528764152,1.4898322053170916,1.4421425033608928,1.5212991158874707,1.4499655168313503,1.4641912443393497,1.5061125455954458],[8.213,11.717,11.714,11.693,11.711,11.855,12.095,12.4,12.856,13.039,13.564,13.978,14.376,15.116,15.63,16.194,16.882,17.617,18.365,19.173],[3.61823589612396,2.4732389694487704,2.2561480447878446,2.028977821465779,1.9327387304030552,1.9146736014266261,1.8889084149317459,1.855262784621093,1.7997955439438005,1.7237978419756845,1.7486863641030648,1.6289616324517897,1.671114598105112,1.6620902502571966,1.5553456207544323,1.4961163056393758,1.4255090318900145,1.2642432519100113,1.1312714086372067,0.840875139363749],[4.315,3.266,3.795,4.293,4.699,4.985,5.145,5.424,5.547,5.75,5.855,6.02,6.022,6.144,6.156,6.178,6.028,6.092,5.97,5.964],[1.736598687089223,0.9117258359836015,1.069100088859787,1.1623902098693104,1.2199995901638694,1.3523220770215953,1.367470292181882,1.3335006561678129,1.3826753053410616,1.45722338713047,1.4993248480566204,1.436523581428441,1.4033944563094154,1.4964170541663746,1.481102292213472,1.4409427469542393,1.4950638782339734,1.4524241804651972,1.4700680256369103,1.5095376775688605]],"time_results":[{"time_optimal":{"secs":0,"nanos":149969},"space_optimal_approximated":{"secs":3,"nanos":112819002},"full":null},{"time_optimal":{"secs":0,"nanos":68648},"space_optimal_approximated":{"secs":0,"nanos":238186204},"full":null},{"time_optimal":{"secs":0,"nanos":39835},"space_optimal_approximated":{"secs":0,"nanos":92281567},"full":null},{"time_optimal":{"secs":0,"nanos":29610},"space_optimal_approximated":{"secs":0,"nanos":45248277},"full":null},{"time_optimal":{"secs":0,"nanos":25601},"space_optimal_approximated":{"secs":0,"nanos":26341863},"full":null},{"time_optimal":{"secs":0,"nanos":26779},"space_optimal_approximated":{"secs":0,"nanos":14048965},"full":null},{"time_optimal":{"secs":0,"nanos":27709},"space_optimal_approximated":{"secs":0,"nanos":9156377},"full":null},{"time_optimal":{"secs":0,"nanos":28545},"space_optimal_approximated":{"secs":0,"nanos":6616087},"full":null},{"time_optimal":{"secs":0,"nanos":28882},"space_optimal_approximated":{"secs":0,"nanos":4396347},"full":null},{"time_optimal":{"secs":0,"nanos":28992},"space_optimal_approximated":{"secs":0,"nanos":3867411},"full":null},{"time_optimal":{"secs":0,"nanos":28193},"space_optimal_approximated":{"secs":0,"nanos":2714256},"full":null},{"time_optimal":{"secs":0,"nanos":29032},"space_optimal_approximated":{"secs":0,"nanos":2431258},"full":null},{"time_optimal":{"secs":0,"nanos":26332},"space_optimal_approximated":{"secs":0,"nanos":2372564},"full":null},{"time_optimal":{"secs":0,"nanos":28218},"space_optimal_approximated":{"secs":0,"nanos":2163910},"full":null},{"time_optimal":{"secs":0,"nanos":27574},"space_optimal_approximated":{"secs":0,"nanos":2010134},"full":null},{"time_optimal":{"secs":0,"nanos":27102},"space_optimal_approximated":{"secs":0,"nanos":1968931},"full":null},{"time_optimal":{"secs":0,"nanos":27615},"space_optimal_approximated":{"secs":0,"nanos":1970475},"full":null},{"time_optimal":{"secs":0,"nanos":24419},"space_optimal_approximated":{"secs":0,"nanos":1962435},"full":null},{"time_optimal":{"secs":0,"nanos":23963},"space_optimal_approximated":{"secs":0,"nanos":1944459},"full":null},{"time_optimal":{"secs":0,"nanos":24265},"space_optimal_approximated":{"secs":0,"nanos":1929389},"full":null}]}