{"size":20,"num_average":1000,"walltime":3,"ncpus":30,"edge_density_multiplier":12.0,"num_density":20,"seed":17146669509935014846,"results":[[3.123,4.295,5.402,6.379,7.397,8.211,9.157,10.087,10.848,11.52,12.38,13.043,13.774,14.542,15.309,16.022,16.797,17.532,18.289,19.14],[0.7974151992531883,1.020771766850946,1.1577547235921757,1.312767686988064,1.4427026720707212,1.5743185827525488,1.5531744911631804,1.6490697377612549,1.6139690207683677,1.5973728431396292,1.6666133324799681,1.6706738161592194,1.689060093661561,1.6432394834594246,1.5979734040339908,1.4978371072983865,1.3884491348263355,1.356088492687699,1.1469433290272062,0.8788629017087943],[19.999,19.971,19.872,19.604,19.257,19.029,18.672,18.427,18.175,18.021,17.917,17.763,17.588,17.585,17.413,17.443,17.253,17.233,17.187,17.038],[0.03160696125855858,0.17932930602665115,0.4214451328464933,0.7301944946382432,0.9823191945594943,1.0373808365301604,1.1208996386831442,1.1174394838200412,1.1101238669626003,1.0763637860872166,1.0100054455298677,1.004405794487466,0.9900787847439229,0.9678713757519666,0.9531164671749174,0.9699231928353906,0.9311235149001502,0.9179929193626772,0.9295326782851734,0.8846219531528704],[5.321,7.202,7.916,8.574,9.306,9.9,10.638,11.27,11.895,12.324,13.004,13.552,14.181,14.827,15.499,16.173,16.882,17.599,18.333,19.156],[1.8406409209837733,1.4132218509490944,1.415254040799742,1.4941633110205912,1.5761865371839698,1.6093476939431082,1.59842297280789,1.6855562879951607,1.5569120077897787,1.6034412992061808,1.6006198799215285,1.5884885898236705,1.643240396290206,1.6164996133621499,1.5633294598388436,1.4734554625098153,1.3842239703169446,1.3484060961001316,1.1393467426556358,0.8738787101194291],[15.49,15.102,15.582,15.814,15.969,16.119,16.312,16.515,16.63,16.837,17.007,17.05,17.054,17.187,17.164,17.239,17.137,17.155,17.132,17.02],[1.3106868428423264,0.862320126171247,0.8253944511565353,0.8737299353919381,0.9187159517500437,0.9331875481380957,0.9605498425381198,1.0058702699652666,0.9680392554023769,0.9531164671749169,0.9267960940789473,0.9346122190513079,0.960772605771003,0.9391650547161601,0.879263328019541,0.9218888219302825,0.8923177685107542,0.8927345630141165,0.9014299750951282,0.8726969691708607]],"time_results":[{"time_optimal":{"secs":0,"nanos":45078},"space_optimal_approximated":{"secs":3,"nanos":252243844},"full":null},{"time_optimal":{"secs":0,"nanos":20926},"space_optimal_approximated":{"secs":0,"nanos":180700809},"full":null},{"time_optimal":{"secs":0,"nanos":25113},"space_optimal_approximated":{"secs":0,"nanos":21250855},"full":null},{"time_optimal":{"secs":0,"nanos":24950},"space_optimal_approximated":{"secs":0,"nanos":6726707},"full":null},{"time_optimal":{"secs":0,"nanos":27167},"space_optimal_approximated":{"secs":0,"nanos":3672818},"full":null},{"time_optimal":{"secs":0,"nanos":28411},"space_optimal_approximated":{"secs":0,"nanos":2845415},"full":null},{"time_optimal":{"secs":0,"nanos":27335},"space_optimal_approximated":{"secs":0,"nanos":2310146},"full":null},{"time_optimal":{"secs":0,"nanos":29166},"space_optimal_approximated":{"secs":0,"nanos":2200836},"full":null},{"time_optimal":{"secs":0,"nanos":28671},"space_optimal_approximated":{"secs":0,"nanos":2041703},"full":null},{"time_optimal":{"secs":0,"nanos":27626},"space_optimal_approximated":{"secs":0,"nanos":1939335},"full":null},{"time_optimal":{"secs":0,"nanos":27334},"space_optimal_approximated":{"secs":0,"nanos":1916456},"full":null},{"time_optimal":{"secs":0,"nanos":27567},"space_optimal_approximated":{"secs":0,"nanos":1932604},"full":null},{"time_optimal":{"secs":0,"nanos":26599},"space_optimal_approximated":{"secs":0,"nanos":1853526},"full":null},{"time_optimal":{"secs":0,"nanos":24497},"space_optimal_approximated":{"secs":0,"nanos":1944804},"full":null},{"time_optimal":{"secs":0,"nanos":27328},"space_optimal_approximated":{"secs":0,"nanos":1879633},"full":null},{"time_optimal":{"secs":0,"nanos":27495},"space_optimal_approximated":{"secs":0,"nanos":1920515},"full":null},{"time_optimal":{"secs":0,"nanos":27200},"space_optimal_approximated":{"secs":0,"nanos":1922329},"full":null},{"time_optimal":{"secs":0,"nanos":26587},"space_optimal_approximated":{"secs":0,"nanos":1872574},"full":null},{"time_optimal":{"secs":0,"nanos":26936},"space_optimal_approximated":{"secs":0,"nanos":1956077},"full":null},{"time_optimal":{"secs":0,"nanos":24738},"space_optimal_approximated":{"secs":0,"nanos":1896117},"full":null}]}