{"size":20,"num_average":1000,"walltime":3,"ncpus":30,"edge_density_multiplier":3.0,"num_density":20,"seed":14963025882422270551,"results":[[3.141,4.362,5.405,6.387,7.38,8.255,9.138,10.05,10.789,11.557,12.292,13.12,13.814,14.648,15.326,16.077,16.744,17.458,18.281,19.098],[0.7701421946627798,0.9914413749687873,1.1666083318749285,1.3450765777456744,1.4288456879593279,1.5530534440256725,1.600923483493195,1.6460558921251731,1.6608669422924844,1.7276431923287976,1.6293360610997358,1.6539649331228252,1.6677541785287149,1.6099987577634987,1.5696254330253405,1.498356099196704,1.4256451171311848,1.3447066594614567,1.128733360896189,0.8765819984462399],[18.955,17.125,15.268,13.985,13.035,12.51,11.983,11.749,11.631,11.513,11.316,11.14,11.179,11.002,10.904,10.908,10.756,10.715,10.622,10.533],[1.1112942904559513,1.9082387167228319,2.1767351699276603,2.0126537208372386,1.914621372491175,1.718109426084375,1.68899703966585,1.6118309464705023,1.5927457424209264,1.5626359140887525,1.556966280945098,1.558332442067487,1.54497864062906,1.5381794433680331,1.5319216690157373,1.556771017201952,1.5061420915703831,1.512539255688921,1.5235209220749166,1.4713636532142533],[7.974,11.138,10.837,10.811,10.978,11.233,11.665,12.005,12.378,12.826,13.206,13.819,14.299,14.982,15.518,16.224,16.824,17.496,18.296,19.102],[3.5450421718225016,2.195667552249199,1.9215699310720005,1.8092205504028562,1.717415500104736,1.7200904046008736,1.7351584942016045,1.7507070000431249,1.6544231623136818,1.6946161807323776,1.5929733205549907,1.6162422466944704,1.6648120013983614,1.5829327212487632,1.5426198494768542,1.4716738769170323,1.4342328960109676,1.334909734776105,1.1235586322039488,0.8772662081717257],[7.424,6.602,7.587,8.369,8.778,9.246,9.43,9.7,9.972,10.203,10.346,10.364,10.612,10.609,10.649,10.727,10.645,10.656,10.593,10.525],[2.058694732105754,1.2229456243022414,1.3654416867812365,1.3844995485734162,1.4348226371227861,1.4055191211790776,1.498365776437786,1.5381807436058998,1.527486824820431,1.4435342046519033,1.50475380046039,1.521678021133252,1.5163957267151589,1.5192494857659127,1.4919111903863538,1.5318195063387863,1.5036538830462296,1.485820985179573,1.5163611047504517,1.466074691139575]],"time_results":[{"time_optimal":{"secs":0,"nanos":131816},"space_optimal_approximated":{"secs":3,"nanos":387689909},"full":null},{"time_optimal":{"secs":0,"nanos":47953},"space_optimal_approximated":{"secs":0,"nanos":187874303},"full":null},{"time_optimal":{"secs":0,"nanos":31514},"space_optimal_approximated":{"secs":0,"nanos":49503736},"full":null},{"time_optimal":{"secs":0,"nanos":26663},"space_optimal_approximated":{"secs":0,"nanos":22758327},"full":null},{"time_optimal":{"secs":0,"nanos":24716},"space_optimal_approximated":{"secs":0,"nanos":10704292},"full":null},{"time_optimal":{"secs":0,"nanos":26790},"space_optimal_approximated":{"secs":0,"nanos":7760203},"full":null},{"time_optimal":{"secs":0,"nanos":27680},"space_optimal_approximated":{"secs":0,"nanos":5099017},"full":null},{"time_optimal":{"secs":0,"nanos":28179},"space_optimal_approximated":{"secs":0,"nanos":3879654},"full":null},{"time_optimal":{"secs":0,"nanos":27893},"space_optimal_approximated":{"secs":0,"nanos":2979158},"full":null},{"time_optimal":{"secs":0,"nanos":28027},"space_optimal_approximated":{"secs":0,"nanos":2725433},"full":null},{"time_optimal":{"secs":0,"nanos":28067},"space_optimal_approximated":{"secs":0,"nanos":2421290},"full":null},{"time_optimal":{"secs":0,"nanos":26249},"space_optimal_approximated":{"secs":0,"nanos":2161793},"full":null},{"time_optimal":{"secs":0,"nanos":26344},"space_optimal_approximated":{"secs":0,"nanos":2093593},"full":null},{"time_optimal":{"secs":0,"nanos":25251},"space_optimal_approximated":{"secs":0,"nanos":1966583},"full":null},{"time_optimal":{"secs":0,"nanos":25421},"space_optimal_approximated":{"secs":0,"nanos":1952397},"full":null},{"time_optimal":{"secs":0,"nanos":24917},"space_optimal_approximated":{"secs":0,"nanos":1962137},"full":null},{"time_optimal":{"secs":0,"nanos":25357},"space_optimal_approximated":{"secs":0,"nanos":2012559},"full":null},{"time_optimal":{"secs":0,"nanos":25398},"space_optimal_approximated":{"secs":0,"nanos":2047267},"full":null},{"time_optimal":{"secs":0,"nanos":24183},"space_optimal_approximated":{"secs":0,"nanos":1977503},"full":null},{"time_optimal":{"secs":0,"nanos":22604},"space_optimal_approximated":{"secs":0,"nanos":1967696},"full":null}]}