{"size":20,"num_average":1000,"walltime":3,"ncpus":30,"edge_density_multiplier":10.0,"num_density":20,"seed":11018881317895453443,"results":[[3.139,4.357,5.398,6.364,7.426,8.198,9.081,9.933,10.769,11.606,12.283,13.142,13.817,14.54,15.36,16.076,16.813,17.536,18.246,19.094],[0.7833766654681509,1.0027716589533207,1.1847345694289513,1.3028829571377485,1.4186345547744186,1.4781055442694215,1.5825419425721416,1.6138497451745497,1.6179119259094437,1.6812983078561734,1.6973246595745914,1.7069961921457186,1.6350874594344966,1.612575579624102,1.5793669617919703,1.5212573746739897,1.4198700644777391,1.3155622372202702,1.181306056870956,0.9050767923220584],[19.996,19.94,19.706,19.241,18.657,18.369,17.895,17.59,17.461,17.219,17.101,16.971,16.851,16.802,16.659,16.606,16.515,16.421,16.411,16.279],[0.06311893535223805,0.2537715508089892,0.6241506228467594,1.037747079012997,1.2431214743539747,1.2604915707770499,1.3107154534833274,1.259325216137596,1.2499915999717706,1.152839537836896,1.1030861253773558,1.0507897030329214,1.0529952516512102,1.1094124571141264,1.0642927228915933,0.996375431250688,1.0068639431422692,1.0255530215449584,1.012955576518526,0.9711637349077727],[5.695,7.862,8.38,8.961,9.686,10.278,10.835,11.42,11.991,12.599,13.049,13.677,14.259,14.827,15.565,16.214,16.898,17.565,18.27,19.101],[2.1080737653127812,1.5029823684927215,1.4406942770761506,1.5644420730726978,1.6387202323764654,1.6014730718934957,1.6179539548454347,1.6593974810153198,1.6034085567939413,1.6156110299202586,1.6396947886725761,1.6518689415325893,1.5601022402394031,1.5566216624472333,1.5445954162822078,1.4893636224911713,1.3912569856069037,1.306818656126395,1.1658044432922685,0.9004437794776626],[14.391,13.866,14.425,14.832,14.97,15.137,15.382,15.515,15.754,15.883,16.078,16.278,16.301,16.383,16.39,16.426,16.389,16.385,16.386,16.27],[1.5113302087895906,0.9716192669971151,0.9520372891856729,0.9120175436909154,0.9659710140578762,0.9456378799519469,1.0602245045272303,1.0638491434409287,1.1006743387578402,1.094217071700129,1.039190069236616,1.0191741754970052,1.030727413043817,1.0413025496943709,1.0207350292803756,0.948959430112791,0.9978371610638737,1.0043779169217182,1.006480998330319,0.9711333585043836]],"time_results":[{"time_optimal":{"secs":0,"nanos":53307},"space_optimal_approximated":{"secs":3,"nanos":622668420},"full":null},{"time_optimal":{"secs":0,"nanos":21130},"space_optimal_approximated":{"secs":0,"nanos":133517874},"full":null},{"time_optimal":{"secs":0,"nanos":22586},"space_optimal_approximated":{"secs":0,"nanos":18060999},"full":null},{"time_optimal":{"secs":0,"nanos":25073},"space_optimal_approximated":{"secs":0,"nanos":6863677},"full":null},{"time_optimal":{"secs":0,"nanos":26075},"space_optimal_approximated":{"secs":0,"nanos":4157548},"full":null},{"time_optimal":{"secs":0,"nanos":26976},"space_optimal_approximated":{"secs":0,"nanos":3091274},"full":null},{"time_optimal":{"secs":0,"nanos":26083},"space_optimal_approximated":{"secs":0,"nanos":2484779},"full":null},{"time_optimal":{"secs":0,"nanos":26786},"space_optimal_approximated":{"secs":0,"nanos":2280357},"full":null},{"time_optimal":{"secs":0,"nanos":25720},"space_optimal_approximated":{"secs":0,"nanos":2127625},"full":null},{"time_optimal":{"secs":0,"nanos":27360},"space_optimal_approximated":{"secs":0,"nanos":2181100},"full":null},{"time_optimal":{"secs":0,"nanos":26918},"space_optimal_approximated":{"secs":0,"nanos":2062449},"full":null},{"time_optimal":{"secs":0,"nanos":26224},"space_optimal_approximated":{"secs":0,"nanos":2029879},"full":null},{"time_optimal":{"secs":0,"nanos":26704},"space_optimal_approximated":{"secs":0,"nanos":2082526},"full":null},{"time_optimal":{"secs":0,"nanos":25371},"space_optimal_approximated":{"secs":0,"nanos":1984976},"full":null},{"time_optimal":{"secs":0,"nanos":24844},"space_optimal_approximated":{"secs":0,"nanos":1945497},"full":null},{"time_optimal":{"secs":0,"nanos":25001},"space_optimal_approximated":{"secs":0,"nanos":1964045},"full":null},{"time_optimal":{"secs":0,"nanos":25228},"space_optimal_approximated":{"secs":0,"nanos":2006522},"full":null},{"time_optimal":{"secs":0,"nanos":25640},"space_optimal_approximated":{"secs":0,"nanos":2052408},"full":null},{"time_optimal":{"secs":0,"nanos":24400},"space_optimal_approximated":{"secs":0,"nanos":1947841},"full":null},{"time_optimal":{"secs":0,"nanos":24165},"space_optimal_approximated":{"secs":0,"nanos":1987111},"full":null}]}