{"size":20,"num_average":1000,"walltime":3,"ncpus":30,"edge_density_multiplier":14.0,"num_density":20,"seed":12741320073259624983,"results":[[3.163,4.332,5.348,6.377,7.377,8.293,9.125,10.018,10.817,11.492,12.288,13.011,13.908,14.575,15.216,15.974,16.816,17.556,18.384,19.128],[0.8064930253883136,1.0167477563289777,1.1361760426976057,1.3743620338178728,1.4334821240601503,1.5604970362035353,1.5255736625938454,1.6479308237908603,1.6478807602493442,1.6721052598446096,1.7085245096281214,1.6452595539914088,1.6563622792130972,1.5938553886723856,1.5991697846069974,1.468783169838221,1.392172403116798,1.3337406044655014,1.139536747981384,0.8942125027083915],[20.0,19.994,19.963,19.832,19.598,19.382,19.134,18.948,18.826,18.634,18.507,18.349,18.29,18.128,18.091,18.095,17.983,17.873,17.814,17.771],[0.0,0.10938007131100246,0.208880348525176,0.4937367719747,0.7337547274123719,0.8509265538223691,0.9381066037503458,0.9577557099803674,0.9958534028661038,0.9716192669971115,0.9601827950968557,0.9440333680543328,0.8819863944528841,0.9357435546131238,0.8801812313381864,0.8567234092751275,0.8548163545463966,0.8466823489361242,0.809570256370627,0.7902904529348693],[4.945,6.67,7.444,8.171,8.985,9.67,10.333,11.061,11.682,12.212,12.873,13.459,14.242,14.832,15.405,16.15,16.957,17.641,18.433,19.158],[1.5211755322775882,1.2755783002230805,1.3582577075062017,1.5302806932063173,1.619498379128546,1.6556267695347329,1.5818062460364788,1.6184186726555079,1.5604089207640395,1.6556134814623866,1.6409969530745656,1.5787080160688296,1.6041932551909066,1.5568480979209207,1.5687495019919568,1.4316074881055927,1.3375914921978214,1.298506449733696,1.1276129655160947,0.8689280752743562],[16.442,16.153,16.492,16.765,16.799,16.999,17.111,17.287,17.419,17.52,17.628,17.679,17.782,17.755,17.828,17.845,17.805,17.768,17.761,17.739],[1.0586009635363116,0.7359286650212765,0.7732632152120024,0.7998593626382052,0.8823825700907735,0.8792036169170364,0.8767434060202587,0.9157679837163962,0.8771767210773463,0.8726969691708556,0.8784167575814964,0.8197310534559519,0.8027926257757947,0.7955972599248913,0.7696856501195801,0.7422769025101059,0.7905536034956754,0.7785730537335638,0.7693367273177578,0.7699863635156197]],"time_results":[{"time_optimal":{"secs":0,"nanos":34976},"space_optimal_approximated":{"secs":3,"nanos":662521357},"full":null},{"time_optimal":{"secs":0,"nanos":11779},"space_optimal_approximated":{"secs":0,"nanos":194168624},"full":null},{"time_optimal":{"secs":0,"nanos":11389},"space_optimal_approximated":{"secs":0,"nanos":13747302},"full":null},{"time_optimal":{"secs":0,"nanos":10750},"space_optimal_approximated":{"secs":0,"nanos":3045556},"full":null},{"time_optimal":{"secs":0,"nanos":11207},"space_optimal_approximated":{"secs":0,"nanos":1502691},"full":null},{"time_optimal":{"secs":0,"nanos":11626},"space_optimal_approximated":{"secs":0,"nanos":1174014},"full":null},{"time_optimal":{"secs":0,"nanos":12113},"space_optimal_approximated":{"secs":0,"nanos":1046406},"full":null},{"time_optimal":{"secs":0,"nanos":12337},"space_optimal_approximated":{"secs":0,"nanos":1014369},"full":null},{"time_optimal":{"secs":0,"nanos":12462},"space_optimal_approximated":{"secs":0,"nanos":991110},"full":null},{"time_optimal":{"secs":0,"nanos":12657},"space_optimal_approximated":{"secs":0,"nanos":977757},"full":null},{"time_optimal":{"secs":0,"nanos":12739},"space_optimal_approximated":{"secs":0,"nanos":1055429},"full":null},{"time_optimal":{"secs":0,"nanos":12910},"space_optimal_approximated":{"secs":0,"nanos":944802},"full":null},{"time_optimal":{"secs":0,"nanos":12935},"space_optimal_approximated":{"secs":0,"nanos":943433},"full":null},{"time_optimal":{"secs":0,"nanos":12668},"space_optimal_approximated":{"secs":0,"nanos":1002016},"full":null},{"time_optimal":{"secs":0,"nanos":12740},"space_optimal_approximated":{"secs":0,"nanos":939721},"full":null},{"time_optimal":{"secs":0,"nanos":12726},"space_optimal_approximated":{"secs":0,"nanos":938549},"full":null},{"time_optimal":{"secs":0,"nanos":12386},"space_optimal_approximated":{"secs":0,"nanos":937111},"full":null},{"time_optimal":{"secs":0,"nanos":12680},"space_optimal_approximated":{"secs":0,"nanos":1088720},"full":null},{"time_optimal":{"secs":0,"nanos":12136},"space_optimal_approximated":{"secs":0,"nanos":1016501},"full":null},{"time_optimal":{"secs":0,"nanos":11649},"space_optimal_approximated":{"secs":0,"nanos":996942},"full":null}]}