{"size":20,"num_average":1000,"walltime":3,"ncpus":30,"edge_density_multiplier":2.0,"num_density":20,"seed":16032032400449549821,"results":[[3.13,4.357,5.382,6.391,7.333,8.233,9.019,9.906,10.725,11.596,12.358,13.105,13.838,14.6,15.406,16.04,16.767,17.564,18.314,19.097],[0.7817288532477212,1.0254516078294456,1.1773172894339081,1.2767611366265792,1.4135455422447525,1.5461924201081818,1.5724627181590003,1.6362041437424648,1.64783949461105,1.6585487632264406,1.635798276071966,1.6124437974701606,1.5829579905986153,1.6260381299342272,1.6109512717646022,1.5173661390712516,1.4452373507490035,1.330377390066446,1.1177674176679124,0.9031007695711513],[17.964,15.528,13.317,12.006,11.274,10.645,10.235,9.979,9.778,9.529,9.427,9.31,9.24,9.018,9.028,8.98,8.93,8.768,8.691,8.567],[1.5403583998537462,2.1875136571002294,2.345316822947395,1.9768571015629843,1.8289133385702045,1.7363683365000657,1.7267816885755995,1.655463379238578,1.6058380989377494,1.6754578478732398,1.5743795603348019,1.5696814963552363,1.6704490414256994,1.6111101762449451,1.6411020687330777,1.5942396306703637,1.4916769087171644,1.5291095448005048,1.541920555670745,1.514434217785629],[8.16,11.679,11.43,11.233,11.229,11.515,11.772,12.109,12.508,12.987,13.376,13.851,14.36,14.965,15.635,16.181,16.881,17.607,18.328,19.098],[3.5836294451296156,2.3310853695220994,2.0897607518565398,1.9012393326459425,1.7794827900263583,1.7617533879632525,1.747574318877453,1.7032671546178573,1.7250901425722687,1.6711765316686311,1.691337931934364,1.6108379806796251,1.5919798993705918,1.5779020882171355,1.6067902787856365,1.4980784358637569,1.4180405494907329,1.3132216111532828,1.1182200141295993,0.9013301281994326],[5.859,4.965,5.744,6.525,7.061,7.411,7.623,7.957,8.147,8.227,8.489,8.555,8.709,8.626,8.768,8.811,8.796,8.71,8.668,8.565],[1.8652396628851782,1.1746382421835249,1.3245618143370992,1.4217506813784182,1.410418023140661,1.3985989417985398,1.4271898962646838,1.6009843846833738,1.5941740808330815,1.5548218547473522,1.538141410924239,1.5630019193846143,1.61130971572817,1.546649281511489,1.6322303758967391,1.5611787213512762,1.487408484579809,1.5211508800904698,1.5309395807803774,1.5098923802708617]],"time_results":[{"time_optimal":{"secs":0,"nanos":146676},"space_optimal_approximated":{"secs":3,"nanos":555395807},"full":null},{"time_optimal":{"secs":0,"nanos":55181},"space_optimal_approximated":{"secs":0,"nanos":200373392},"full":null},{"time_optimal":{"secs":0,"nanos":33812},"space_optimal_approximated":{"secs":0,"nanos":70967923},"full":null},{"time_optimal":{"secs":0,"nanos":26904},"space_optimal_approximated":{"secs":0,"nanos":35295349},"full":null},{"time_optimal":{"secs":0,"nanos":26084},"space_optimal_approximated":{"secs":0,"nanos":18128929},"full":null},{"time_optimal":{"secs":0,"nanos":27127},"space_optimal_approximated":{"secs":0,"nanos":11415679},"full":null},{"time_optimal":{"secs":0,"nanos":27319},"space_optimal_approximated":{"secs":0,"nanos":7803301},"full":null},{"time_optimal":{"secs":0,"nanos":28166},"space_optimal_approximated":{"secs":0,"nanos":5060675},"full":null},{"time_optimal":{"secs":0,"nanos":28677},"space_optimal_approximated":{"secs":0,"nanos":4019370},"full":null},{"time_optimal":{"secs":0,"nanos":27728},"space_optimal_approximated":{"secs":0,"nanos":3162846},"full":null},{"time_optimal":{"secs":0,"nanos":27166},"space_optimal_approximated":{"secs":0,"nanos":2688468},"full":null},{"time_optimal":{"secs":0,"nanos":26609},"space_optimal_approximated":{"secs":0,"nanos":2447016},"full":null},{"time_optimal":{"secs":0,"nanos":25728},"space_optimal_approximated":{"secs":0,"nanos":2202101},"full":null},{"time_optimal":{"secs":0,"nanos":25228},"space_optimal_approximated":{"secs":0,"nanos":2101493},"full":null},{"time_optimal":{"secs":0,"nanos":24234},"space_optimal_approximated":{"secs":0,"nanos":2139651},"full":null},{"time_optimal":{"secs":0,"nanos":26898},"space_optimal_approximated":{"secs":0,"nanos":2138084},"full":null},{"time_optimal":{"secs":0,"nanos":24622},"space_optimal_approximated":{"secs":0,"nanos":2026853},"full":null},{"time_optimal":{"secs":0,"nanos":24876},"space_optimal_approximated":{"secs":0,"nanos":2032957},"full":null},{"time_optimal":{"secs":0,"nanos":24567},"space_optimal_approximated":{"secs":0,"nanos":2035824},"full":null},{"time_optimal":{"secs":0,"nanos":24336},"space_optimal_approximated":{"secs":0,"nanos":2118858},"full":null}]}