{"size":20,"num_average":1000,"walltime":3,"ncpus":30,"edge_density_multiplier":6.0,"num_density":20,"seed":3648255838023074309,"results":[[3.149,4.372,5.405,6.399,7.377,8.183,9.133,9.971,10.75,11.536,12.299,13.082,13.777,14.493,15.341,16.034,16.927,17.475,18.294,19.162],[0.7891761527060963,1.0524333708126088,1.1414793033603388,1.3167380149445025,1.4017385633562363,1.5150943864987314,1.5624695197027036,1.560179156379173,1.5898113095584645,1.6237930902673559,1.6708078884180606,1.6891642904110928,1.6362368410471635,1.667918163460065,1.5661158960945436,1.4494288530314354,1.397737815185666,1.2982199351419612,1.1642869062220065,0.8658845188591822],[19.863,19.327,18.308,17.326,16.494,15.954,15.469,15.288,15.062,14.851,14.668,14.603,14.47,14.469,14.328,14.236,14.077,14.133,14.005,13.974],[0.3875964396121319,0.9539764148028073,1.5630534219917105,1.7209660077991034,1.7527019141884985,1.617369469230824,1.5643014415386765,1.4714129264078122,1.404334717935871,1.3757903183261597,1.384115602108441,1.3256662475902452,1.3096182649917494,1.2684790104688344,1.2753101583536461,1.2499215975412177,1.2779166639495645,1.267797696795514,1.2794432382876637,1.2803608866253344],[6.819,9.465,9.58,9.903,10.349,10.698,11.257,11.74,12.141,12.651,13.111,13.734,14.277,14.83,15.542,16.157,16.997,17.52,18.317,19.165],[2.8086008972440353,1.8414057130355566,1.6296011782028113,1.6533574931030455,1.6867717687938666,1.675349515772756,1.7213224567175092,1.6007498243010947,1.5965960666367713,1.552803593504341,1.6378885798490666,1.630105518057041,1.6063221968210448,1.635573293985934,1.5186296454369623,1.4444206451030857,1.372221192082386,1.282029640842988,1.1646935219189614,0.8658954902296241],[11.29,10.615,11.371,11.997,12.348,12.583,12.85,13.112,13.322,13.491,13.649,13.822,13.863,14.047,14.072,14.072,13.974,14.074,13.971,13.968],[1.9411079310538086,1.223427562220168,1.2309991876520512,1.170038888242608,1.196200652064693,1.2227473164967488,1.2591663909110673,1.2920743012690896,1.3245059456265107,1.3348853883386347,1.3273277666047771,1.323750731822282,1.312337990001049,1.2628503474283859,1.2683911068751734,1.2324025316429803,1.2717405395755894,1.2619524555227895,1.2736400590433785,1.2833456276467348]],"time_results":[{"time_optimal":{"secs":0,"nanos":92541},"space_optimal_approximated":{"secs":3,"nanos":140470840},"full":null},{"time_optimal":{"secs":0,"nanos":37047},"space_optimal_approximated":{"secs":0,"nanos":156399488},"full":null},{"time_optimal":{"secs":0,"nanos":29136},"space_optimal_approximated":{"secs":0,"nanos":26705483},"full":null},{"time_optimal":{"secs":0,"nanos":27817},"space_optimal_approximated":{"secs":0,"nanos":10836357},"full":null},{"time_optimal":{"secs":0,"nanos":27166},"space_optimal_approximated":{"secs":0,"nanos":6024063},"full":null},{"time_optimal":{"secs":0,"nanos":26954},"space_optimal_approximated":{"secs":0,"nanos":4259648},"full":null},{"time_optimal":{"secs":0,"nanos":26215},"space_optimal_approximated":{"secs":0,"nanos":3017817},"full":null},{"time_optimal":{"secs":0,"nanos":27455},"space_optimal_approximated":{"secs":0,"nanos":2614491},"full":null},{"time_optimal":{"secs":0,"nanos":27088},"space_optimal_approximated":{"secs":0,"nanos":2395394},"full":null},{"time_optimal":{"secs":0,"nanos":24892},"space_optimal_approximated":{"secs":0,"nanos":2075212},"full":null},{"time_optimal":{"secs":0,"nanos":25462},"space_optimal_approximated":{"secs":0,"nanos":2117106},"full":null},{"time_optimal":{"secs":0,"nanos":25488},"space_optimal_approximated":{"secs":0,"nanos":1996450},"full":null},{"time_optimal":{"secs":0,"nanos":25714},"space_optimal_approximated":{"secs":0,"nanos":1975443},"full":null},{"time_optimal":{"secs":0,"nanos":25468},"space_optimal_approximated":{"secs":0,"nanos":1960012},"full":null},{"time_optimal":{"secs":0,"nanos":26923},"space_optimal_approximated":{"secs":0,"nanos":2035021},"full":null},{"time_optimal":{"secs":0,"nanos":26694},"space_optimal_approximated":{"secs":0,"nanos":2033239},"full":null},{"time_optimal":{"secs":0,"nanos":26013},"space_optimal_approximated":{"secs":0,"nanos":1996738},"full":null},{"time_optimal":{"secs":0,"nanos":24188},"space_optimal_approximated":{"secs":0,"nanos":1904436},"full":null},{"time_optimal":{"secs":0,"nanos":23856},"space_optimal_approximated":{"secs":0,"nanos":1969486},"full":null},{"time_optimal":{"secs":0,"nanos":22756},"space_optimal_approximated":{"secs":0,"nanos":1946102},"full":null}]}