{"size":20,"num_average":1000,"walltime":3,"ncpus":30,"edge_density_multiplier":15.0,"num_density":20,"seed":15807163178315989920,"results":[[3.198,4.288,5.345,6.358,7.328,8.166,9.213,9.995,10.738,11.644,12.356,13.104,13.869,14.603,15.284,16.087,16.795,17.483,18.347,19.118],[0.820241427873528,0.9607580340543588,1.1357706634704021,1.2860155520054943,1.3771042081120821,1.4389037493870123,1.5341548161772989,1.6207945582337089,1.581567576804733,1.6344001957904972,1.682041616607636,1.6694861484900048,1.6437271671418034,1.6629464813998078,1.6165840528719841,1.4877603973758662,1.4720648762877324,1.2983493366578924,1.172429528799066,0.8660692812933548],[20.0,19.997,19.967,19.908,19.787,19.606,19.404,19.191,19.019,18.921,18.751,18.652,18.559,18.492,18.417,18.32,18.242,18.143,18.114,18.046],[0.0,0.054690035655501096,0.19977737609649457,0.3514768840194199,0.530689174564543,0.6713896037324378,0.8116550991646674,0.8743677715927088,0.8914252632722495,0.9059575045221485,0.8905049129566868,0.9137264360846701,0.8902353621374516,0.865988452578902,0.8385171435337447,0.8255906976220088,0.8145158070903256,0.8237420712820248,0.7648555419162459,0.76018681914382],[4.865,6.413,7.189,7.978,8.773,9.421,10.267,10.85,11.494,12.254,12.841,13.476,14.18,14.869,15.498,16.263,16.929,17.575,18.414,19.149],[1.4794509116560803,1.24114100729933,1.3127372166583817,1.5058273473409902,1.519694377169302,1.5471777532009698,1.6247187448909461,1.6116761461286222,1.5855484855405777,1.601088379821677,1.6690473330615885,1.6264759451033999,1.5911002482559038,1.6247581358466903,1.596244342198274,1.4600791074458976,1.4608076533205838,1.2682172526818922,1.152650857805602,0.8501758641598782],[16.876,16.597,16.946,17.14,17.229,17.358,17.548,17.669,17.8,17.894,17.984,18.027,18.065,18.101,18.122,18.088,18.071,18.034,18.041,18.015],[0.9688260937856648,0.7215199234948433,0.717693527907287,0.7592101158440946,0.7619442236804468,0.8484314939934717,0.8738970191046495,0.8760359581660996,0.8648699324175859,0.8418812267772728,0.7885074508208517,0.7888415557005071,0.7367326516450934,0.7299308186396833,0.7093067037607936,0.6987531753058451,0.7127124244742788,0.7542174752682416,0.7178572281449903,0.7285430666748498]],"time_results":[{"time_optimal":{"secs":0,"nanos":35297},"space_optimal_approximated":{"secs":3,"nanos":555935176},"full":null},{"time_optimal":{"secs":0,"nanos":10859},"space_optimal_approximated":{"secs":0,"nanos":139733317},"full":null},{"time_optimal":{"secs":0,"nanos":10932},"space_optimal_approximated":{"secs":0,"nanos":15674087},"full":null},{"time_optimal":{"secs":0,"nanos":10714},"space_optimal_approximated":{"secs":0,"nanos":3732342},"full":null},{"time_optimal":{"secs":0,"nanos":11104},"space_optimal_approximated":{"secs":0,"nanos":1429126},"full":null},{"time_optimal":{"secs":0,"nanos":11541},"space_optimal_approximated":{"secs":0,"nanos":1132509},"full":null},{"time_optimal":{"secs":0,"nanos":12058},"space_optimal_approximated":{"secs":0,"nanos":1026117},"full":null},{"time_optimal":{"secs":0,"nanos":12280},"space_optimal_approximated":{"secs":0,"nanos":1108680},"full":null},{"time_optimal":{"secs":0,"nanos":12356},"space_optimal_approximated":{"secs":0,"nanos":1082103},"full":null},{"time_optimal":{"secs":0,"nanos":12591},"space_optimal_approximated":{"secs":0,"nanos":965181},"full":null},{"time_optimal":{"secs":0,"nanos":12643},"space_optimal_approximated":{"secs":0,"nanos":1003455},"full":null},{"time_optimal":{"secs":0,"nanos":12669},"space_optimal_approximated":{"secs":0,"nanos":963698},"full":null},{"time_optimal":{"secs":0,"nanos":12690},"space_optimal_approximated":{"secs":0,"nanos":978880},"full":null},{"time_optimal":{"secs":0,"nanos":12531},"space_optimal_approximated":{"secs":0,"nanos":976651},"full":null},{"time_optimal":{"secs":0,"nanos":13207},"space_optimal_approximated":{"secs":0,"nanos":1098309},"full":null},{"time_optimal":{"secs":0,"nanos":12626},"space_optimal_approximated":{"secs":0,"nanos":953590},"full":null},{"time_optimal":{"secs":0,"nanos":12586},"space_optimal_approximated":{"secs":0,"nanos":995197},"full":null},{"time_optimal":{"secs":0,"nanos":12341},"space_optimal_approximated":{"secs":0,"nanos":948863},"full":null},{"time_optimal":{"secs":0,"nanos":12123},"space_optimal_approximated":{"secs":0,"nanos":1033734},"full":null},{"time_optimal":{"secs":0,"nanos":11630},"space_optimal_approximated":{"secs":0,"nanos":955730},"full":null}]}