{"size":20,"num_average":1000,"walltime":3,"ncpus":30,"edge_density_multiplier":11.0,"num_density":20,"seed":12589661841838798050,"results":[[3.164,4.323,5.342,6.387,7.423,8.238,9.001,9.938,10.748,11.63,12.291,13.086,13.882,14.674,15.266,16.038,16.777,17.539,18.308,19.138],[0.8031836651725425,1.0462652627321638,1.0968299777084949,1.3346276634327707,1.4539845253646875,1.563123795481332,1.5636492573464167,1.5767548953467718,1.6602698575834007,1.6730511050174182,1.6596141117741796,1.6806558243733254,1.6775207897370472,1.6612417042682222,1.56500607027577,1.5239934383060822,1.4578309229811242,1.2831519785278678,1.1563459689902427,0.8549596481705998],[19.992,19.954,19.78,19.424,19.012,18.686,18.308,18.005,17.891,17.717,17.467,17.44,17.219,17.159,17.118,17.01,16.997,16.913,16.806,16.724],[0.08908422980528073,0.22778059618852634,0.5564171097297418,0.8776240653035859,1.1188637093051106,1.1659348180751745,1.1921140884999133,1.1920465594933856,1.1520065103982664,1.136182643768162,1.0728052013296718,1.0781465577554787,1.0163852616011275,1.0157356939676734,1.0295999222999126,1.0177917272212376,0.9679829543953707,0.9515413811285333,0.9728124176839068,0.9559414207994176],[5.445,7.551,8.143,8.744,9.554,10.146,10.656,11.317,11.867,12.518,12.942,13.65,14.235,14.962,15.452,16.17,16.843,17.58,18.339,19.147],[1.9750886056073509,1.4592460381991774,1.3843955359650686,1.5679489787617407,1.6208281833679983,1.6860260970696754,1.6375787003988507,1.583196450223397,1.6116175104533959,1.6339143184390053,1.5939372635081979,1.61972219840317,1.6136217028783413,1.623131541188204,1.52829840018238,1.4788847149118853,1.449948619779339,1.282029640842989,1.1454601695388622,0.8516988904536682],[15.012,14.486,14.928,15.349,15.45,15.664,15.818,15.997,16.279,16.438,16.538,16.682,16.728,16.787,16.874,16.834,16.908,16.858,16.772,16.714],[1.3963724431540478,0.9347748391992551,0.8618677392732552,0.892860011423967,0.9151502608861548,0.9783169220656417,0.9994378419891876,1.0104409928343114,1.0541152688392372,1.0564828441579102,0.9871960291654324,0.999437841989185,0.957087247851522,0.957930582036092,0.9571436673770575,0.9992216971223176,0.9389014857800563,0.9229496194267648,0.9643733716771687,0.949844197750358]],"time_results":[{"time_optimal":{"secs":0,"nanos":45762},"space_optimal_approximated":{"secs":3,"nanos":961495456},"full":null},{"time_optimal":{"secs":0,"nanos":20450},"space_optimal_approximated":{"secs":0,"nanos":172842972},"full":null},{"time_optimal":{"secs":0,"nanos":25342},"space_optimal_approximated":{"secs":0,"nanos":21349689},"full":null},{"time_optimal":{"secs":0,"nanos":24753},"space_optimal_approximated":{"secs":0,"nanos":6372906},"full":null},{"time_optimal":{"secs":0,"nanos":26105},"space_optimal_approximated":{"secs":0,"nanos":3987540},"full":null},{"time_optimal":{"secs":0,"nanos":25369},"space_optimal_approximated":{"secs":0,"nanos":2831273},"full":null},{"time_optimal":{"secs":0,"nanos":26822},"space_optimal_approximated":{"secs":0,"nanos":2419249},"full":null},{"time_optimal":{"secs":0,"nanos":26772},"space_optimal_approximated":{"secs":0,"nanos":2219465},"full":null},{"time_optimal":{"secs":0,"nanos":26386},"space_optimal_approximated":{"secs":0,"nanos":2113599},"full":null},{"time_optimal":{"secs":0,"nanos":26063},"space_optimal_approximated":{"secs":0,"nanos":2026044},"full":null},{"time_optimal":{"secs":0,"nanos":25231},"space_optimal_approximated":{"secs":0,"nanos":1963532},"full":null},{"time_optimal":{"secs":0,"nanos":25468},"space_optimal_approximated":{"secs":0,"nanos":1996647},"full":null},{"time_optimal":{"secs":0,"nanos":25684},"space_optimal_approximated":{"secs":0,"nanos":2030314},"full":null},{"time_optimal":{"secs":0,"nanos":25838},"space_optimal_approximated":{"secs":0,"nanos":2009441},"full":null},{"time_optimal":{"secs":0,"nanos":24162},"space_optimal_approximated":{"secs":0,"nanos":2019967},"full":null},{"time_optimal":{"secs":0,"nanos":24580},"space_optimal_approximated":{"secs":0,"nanos":1972068},"full":null},{"time_optimal":{"secs":0,"nanos":24367},"space_optimal_approximated":{"secs":0,"nanos":1980757},"full":null},{"time_optimal":{"secs":0,"nanos":24737},"space_optimal_approximated":{"secs":0,"nanos":2028962},"full":null},{"time_optimal":{"secs":0,"nanos":23760},"space_optimal_approximated":{"secs":0,"nanos":1961875},"full":null},{"time_optimal":{"secs":0,"nanos":23116},"space_optimal_approximated":{"secs":0,"nanos":2022712},"full":null}]}