{"size":20,"num_average":1000,"walltime":3,"ncpus":30,"edge_density_multiplier":16.0,"num_density":20,"seed":2403024338912961093,"results":[[3.131,4.337,5.44,6.465,7.322,8.239,9.121,9.963,10.7,11.526,12.339,13.022,13.896,14.622,15.282,16.073,16.772,17.531,18.284,19.146],[0.786027353213611,1.0321971710869957,1.192644121270042,1.3344568183347056,1.411494243700615,1.4750860991820076,1.5653622583926068,1.640619090465549,1.6174053295324577,1.6647294074413406,1.6870326019375028,1.614161082420215,1.6380427344852706,1.6337429418363238,1.5532147308083333,1.4777249405758806,1.4615115463108723,1.3141685584429454,1.150366897993856,0.8869520843878774],[20.0,19.999,19.993,19.929,19.818,19.669,19.577,19.461,19.269,19.112,19.043,18.981,18.8,18.762,18.684,18.583,18.525,18.458,18.44,18.313],[0.0,0.03160696125855851,0.08337265738837801,0.29318765321889073,0.48049557750305666,0.620837337794694,0.6943133298446716,0.7338112836417846,0.8152539481658442,0.8145280842303732,0.8081775794959889,0.8090976455286469,0.817312669668103,0.7995973986951216,0.7616718453507356,0.772729577536662,0.7624795079213579,0.7254212569259362,0.7405403432629456,0.6950043165333558],[4.623,6.221,7.011,7.83,8.473,9.223,9.971,10.693,11.291,12.05,12.802,13.406,14.177,14.888,15.517,16.252,16.925,17.628,18.376,19.173],[1.3801706416237107,1.2116761118384822,1.3859577915650987,1.475499915282957,1.5176531224229066,1.519628573040135,1.5723100839211162,1.651287679358147,1.6075817242056465,1.659969879244802,1.660962371638804,1.5662579608736202,1.6129696215366263,1.601079635745832,1.5025681348943831,1.4719021706621684,1.451680061170506,1.2936831142130574,1.1289924711883605,0.8666435253320748],[17.319,17.058,17.456,17.597,17.709,17.844,17.938,18.102,18.145,18.213,18.283,18.348,18.344,18.37,18.357,18.335,18.326,18.332,18.335,18.284],[0.9062223788894199,0.6470208651967838,0.7183759461451926,0.7580178098171603,0.7657146988271807,0.8035322022171842,0.8355572990525525,0.8109229309866605,0.8074496888351624,0.7332332507463087,0.7258863547415662,0.6832978852594203,0.6478147883461775,0.6489221833163096,0.6257403614918959,0.6440302787913044,0.6691218125274316,0.6448069478533845,0.6728855771971974,0.6718214048391092]],"time_results":[{"time_optimal":{"secs":0,"nanos":47135},"space_optimal_approximated":{"secs":4,"nanos":95837056},"full":null},{"time_optimal":{"secs":0,"nanos":20424},"space_optimal_approximated":{"secs":0,"nanos":133600673},"full":null},{"time_optimal":{"secs":0,"nanos":24593},"space_optimal_approximated":{"secs":0,"nanos":21226400},"full":null},{"time_optimal":{"secs":0,"nanos":25235},"space_optimal_approximated":{"secs":0,"nanos":6535184},"full":null},{"time_optimal":{"secs":0,"nanos":26006},"space_optimal_approximated":{"secs":0,"nanos":3643301},"full":null},{"time_optimal":{"secs":0,"nanos":24683},"space_optimal_approximated":{"secs":0,"nanos":2611002},"full":null},{"time_optimal":{"secs":0,"nanos":26958},"space_optimal_approximated":{"secs":0,"nanos":2335718},"full":null},{"time_optimal":{"secs":0,"nanos":26454},"space_optimal_approximated":{"secs":0,"nanos":2164573},"full":null},{"time_optimal":{"secs":0,"nanos":25561},"space_optimal_approximated":{"secs":0,"nanos":2166764},"full":null},{"time_optimal":{"secs":0,"nanos":25332},"space_optimal_approximated":{"secs":0,"nanos":2022395},"full":null},{"time_optimal":{"secs":0,"nanos":22257},"space_optimal_approximated":{"secs":0,"nanos":2033522},"full":null},{"time_optimal":{"secs":0,"nanos":25544},"space_optimal_approximated":{"secs":0,"nanos":2039682},"full":null},{"time_optimal":{"secs":0,"nanos":26032},"space_optimal_approximated":{"secs":0,"nanos":2015732},"full":null},{"time_optimal":{"secs":0,"nanos":24468},"space_optimal_approximated":{"secs":0,"nanos":1927527},"full":null},{"time_optimal":{"secs":0,"nanos":25140},"space_optimal_approximated":{"secs":0,"nanos":1958986},"full":null},{"time_optimal":{"secs":0,"nanos":24433},"space_optimal_approximated":{"secs":0,"nanos":1962383},"full":null},{"time_optimal":{"secs":0,"nanos":25280},"space_optimal_approximated":{"secs":0,"nanos":2003493},"full":null},{"time_optimal":{"secs":0,"nanos":25830},"space_optimal_approximated":{"secs":0,"nanos":2034654},"full":null},{"time_optimal":{"secs":0,"nanos":24088},"space_optimal_approximated":{"secs":0,"nanos":1939029},"full":null},{"time_optimal":{"secs":0,"nanos":23373},"space_optimal_approximated":{"secs":0,"nanos":1926863},"full":null}]}