{"size":20,"num_average":1000,"walltime":3,"ncpus":30,"edge_density_multiplier":20.0,"num_density":20,"seed":2220164194395333983,"results":[[3.062,4.319,5.415,6.385,7.274,8.282,9.042,9.932,10.795,11.56,12.271,13.132,13.81,14.516,15.276,16.077,16.78,17.471,18.352,19.1],[0.7524333857558407,0.9814474005263879,1.2217917171105739,1.307965978150799,1.3946053205118751,1.4602999691844127,1.559562759237346,1.6159752473351852,1.6391994997559076,1.6722440013347335,1.7033963132518501,1.7856584219833287,1.6327584022138697,1.5753551980426572,1.5842424056942808,1.4963525654069516,1.4817557153593146,1.3285928646504261,1.1445942512523841,0.8921883209278143],[20.0,20.0,20.0,19.995,19.983,19.986,19.937,19.9,19.882,19.821,19.803,19.748,19.696,19.644,19.609,19.538,19.524,19.468,19.407,19.384],[0.0,0.0,0.0,0.0705336798983291,0.1367881573821357,0.1257139610385434,0.24704453039887267,0.30331501776206354,0.3317770335632077,0.39618051441230184,0.4002386787905417,0.45661362222342666,0.47284669820143305,0.49524135530062613,0.5080541309742502,0.5143500753378024,0.5248085365159357,0.5319548853051361,0.5228298002218325,0.5258745097454359],[4.051,5.245,6.14,6.924,7.727,8.676,9.437,10.33,11.151,11.918,12.63,13.414,14.062,14.763,15.482,16.255,16.93,17.593,18.407,19.13],[0.9414876526009316,1.0163537769890931,1.2370933675353801,1.3543352612997996,1.4136728758804151,1.492321681139827,1.6074921461705511,1.6664633209284911,1.6637905517221812,1.6766860171182945,1.6843693181722343,1.7574424599400178,1.602546723187816,1.5565445705150838,1.5354725656943509,1.4621815892699592,1.452274078815702,1.2935806894044166,1.122208091220161,0.8849293757131077],[18.843,18.844,19.051,19.263,19.319,19.311,19.277,19.233,19.244,19.21,19.226,19.275,19.278,19.267,19.312,19.287,19.318,19.317,19.338,19.352],[0.4694155941167714,0.47504105085771514,0.60199584716176,0.661687992939265,0.6732302726407948,0.6002324549705711,0.536908744573974,0.48652954689309813,0.4964514074912098,0.45376205218154186,0.4460089685196892,0.4789311015167011,0.4719279606041582,0.4834366556230502,0.4966447422453979,0.500630602340686,0.5068293598441195,0.516247033889786,0.5116209534411221,0.5197076101039914]],"time_results":[{"time_optimal":{"secs":0,"nanos":32858},"space_optimal_approximated":{"secs":3,"nanos":876615015},"full":null},{"time_optimal":{"secs":0,"nanos":15681},"space_optimal_approximated":{"secs":0,"nanos":143293934},"full":null},{"time_optimal":{"secs":0,"nanos":17629},"space_optimal_approximated":{"secs":0,"nanos":12225768},"full":null},{"time_optimal":{"secs":0,"nanos":23671},"space_optimal_approximated":{"secs":0,"nanos":4418879},"full":null},{"time_optimal":{"secs":0,"nanos":24096},"space_optimal_approximated":{"secs":0,"nanos":2417874},"full":null},{"time_optimal":{"secs":0,"nanos":27379},"space_optimal_approximated":{"secs":0,"nanos":2246628},"full":null},{"time_optimal":{"secs":0,"nanos":25276},"space_optimal_approximated":{"secs":0,"nanos":2039007},"full":null},{"time_optimal":{"secs":0,"nanos":27254},"space_optimal_approximated":{"secs":0,"nanos":2067086},"full":null},{"time_optimal":{"secs":0,"nanos":25774},"space_optimal_approximated":{"secs":0,"nanos":2032120},"full":null},{"time_optimal":{"secs":0,"nanos":26094},"space_optimal_approximated":{"secs":0,"nanos":2054668},"full":null},{"time_optimal":{"secs":0,"nanos":26198},"space_optimal_approximated":{"secs":0,"nanos":2062408},"full":null},{"time_optimal":{"secs":0,"nanos":24957},"space_optimal_approximated":{"secs":0,"nanos":1967044},"full":null},{"time_optimal":{"secs":0,"nanos":25301},"space_optimal_approximated":{"secs":0,"nanos":1989810},"full":null},{"time_optimal":{"secs":0,"nanos":23231},"space_optimal_approximated":{"secs":0,"nanos":1861404},"full":null},{"time_optimal":{"secs":0,"nanos":24081},"space_optimal_approximated":{"secs":0,"nanos":1989305},"full":null},{"time_optimal":{"secs":0,"nanos":25778},"space_optimal_approximated":{"secs":0,"nanos":2023798},"full":null},{"time_optimal":{"secs":0,"nanos":25492},"space_optimal_approximated":{"secs":0,"nanos":2044281},"full":null},{"time_optimal":{"secs":0,"nanos":24773},"space_optimal_approximated":{"secs":0,"nanos":2021024},"full":null},{"time_optimal":{"secs":0,"nanos":24775},"space_optimal_approximated":{"secs":0,"nanos":2008809},"full":null},{"time_optimal":{"secs":0,"nanos":23766},"space_optimal_approximated":{"secs":0,"nanos":1984274},"full":null}]}