{"max_size":40,"num_average":1000,"walltime":40,"ncpus":30,"edge_density":{"reziprocal_square_root":0.5},"correction_density":{"reziprocal_square_root":0.5},"seed":10875811418960659692,"results":[[1.516,1.844,2.154,2.408,2.626,2.813,2.993,3.209,3.413,3.516,3.747,3.842,3.955,4.182,4.266,4.359,4.543,4.642,4.804,4.963,4.926,5.108,5.211,5.336,5.418,5.527,5.621,5.747,5.771,5.88,6.099,6.231,6.234,6.285,6.442,6.529,6.715,6.694,6.833],[0.49974393443042053,0.6080000000000011,0.6944667018655317,0.7053623182450282,0.7988266395157364,0.7797634256619156,0.8251975521049443,0.8422107812180945,0.9243543692761973,0.968371829412647,0.9534101950367471,0.9628270872799531,0.9823314104720468,1.0338645946157576,1.001620686687329,1.0479117329241059,1.0602598738045315,1.0695026881686596,1.09890126945054,1.058126173950913,1.0828314734989946,1.1403227613268117,1.130698456707186,1.180298267388375,1.1389802456583618,1.1230632217288579,1.1905288740723592,1.1777058206530233,1.175822690714888,1.2089665007765993,1.2534747703883002,1.2229632046795187,1.2873398929575668,1.2584812275119532,1.2761802380541647,1.2748172418037116,1.332582080023587,1.278422465384581,1.297347678920338],[1.733,2.579,3.381,4.121,4.892,5.664,6.44,7.194,7.899,8.676,9.355,10.161,10.956,11.477,12.358,13.122,13.807,14.542,15.283,15.957,16.767,17.561,18.23,18.977,19.7,20.463,21.13,21.962,22.656,23.287,24.122,24.824,25.192,26.151,26.75,27.49,28.195,28.91,29.466],[0.44239235978936037,0.5382926713229526,0.7098161733857486,0.8463799383255718,0.9779243324511342,1.0747576471000324,1.1680753400359039,1.2776400118969373,1.418026445451578,1.4508700837773174,1.6361463870937718,1.7172882693362796,1.6941263235071913,1.8158939947034347,1.88410084655785,1.9542558686108675,2.067305250803565,2.194592445079497,2.177822536388125,2.2652044057876983,2.279190865197558,2.3285787510840223,2.5272712557222543,2.528333640958006,2.5845695966640143,2.6496473350240413,2.810177930309748,2.817189379505755,2.895455749964074,2.9381339315967216,3.007509933483184,3.0101534844588906,3.085633808474338,3.161360308474823,3.1195352217918617,3.3111780381006426,3.3449925261500892,3.3704450744671686,3.3986532626909765],[1.77,2.408,3.018,3.625,4.199,4.781,5.298,5.831,6.412,6.87,7.369,7.798,8.354,8.845,9.369,9.967,10.386,10.92,11.427,11.827,12.401,12.733,13.094,13.628,13.884,14.29,14.468,14.683,15.137,15.305,15.687,16.033,15.895,16.205,16.461,16.581,16.912,16.914,17.375],[0.4208325082500119,0.521091162849646,0.6911410854521609,0.7472449397620569,0.8575540799273195,0.9236011043735239,1.005582418302939,1.1594994609744327,1.2059253708252446,1.3103816238027859,1.380883412891902,1.5037273689070123,1.5914408565824951,1.6688244365420897,1.8035628627802238,1.9036572695734897,1.9237993658383383,1.967129888949892,2.1210070721239953,2.146874705240141,2.210474835866717,2.191280675769315,2.23050756555543,2.3408579623719112,2.423333241632266,2.4778821602328103,2.420532172890908,2.504897403088621,2.505240706998025,2.616099195367031,2.64367755219883,2.6442221918742,2.7331255002286126,2.770374523417367,2.929928156115782,2.968743673677473,3.148373548357939,3.3927281058169094,3.372591733370643],[1.479,1.825,2.039,2.214,2.411,2.586,2.815,3.039,3.249,3.432,3.744,3.942,4.252,4.529,4.77,5.077,5.38,5.597,5.996,6.408,6.578,6.932,7.3,7.636,8.097,8.387,8.811,9.181,9.564,9.986,10.46,10.933,11.231,11.771,12.174,12.609,13.153,13.623,14.065],[0.4995588053472819,0.5295044853445483,0.5454163547236188,0.5442462677869252,0.6017300058996612,0.6485398985413304,0.7146852454052719,0.7781253112449232,0.8264375354495964,0.8552052385246532,0.9189472237294135,0.904785057347881,0.9942313614043707,1.0455424429452969,1.1537330713817622,1.209574718651141,1.2237646832622622,1.2200782761773932,1.2664848992388313,1.3466759075590544,1.359380741367184,1.430166423882191,1.3638181696985872,1.4823980572032645,1.5289182450347019,1.6331659438036366,1.5928838626842852,1.5919293326024242,1.594334971077282,1.7128350767076204,1.6554153557340245,1.658466460318072,1.6957709161322498,1.7670763990274996,1.8867230851399426,1.9194058976672927,1.9843364130106447,2.164456282764795,2.0733487405643967],[1.516,1.844,2.154,2.408,2.626,2.813,2.993,3.209,3.413,3.516,3.747,3.842,3.955,4.182,4.266,4.359,4.543,4.642,4.804],[0.49974393443042053,0.6080000000000011,0.6944667018655317,0.7053623182450282,0.7988266395157364,0.7797634256619156,0.8251975521049443,0.8422107812180945,0.9243543692761973,0.968371829412647,0.9534101950367471,0.9628270872799531,0.9823314104720468,1.0338645946157576,1.001620686687329,1.0479117329241059,1.0602598738045315,1.0695026881686596,1.09890126945054],[1.733,2.384,2.878,3.278,3.765,4.172,4.617,5.041,5.432,5.877,6.279,6.685,7.318,7.726,8.18,8.775,9.318,9.732,10.323],[0.44239235978936037,0.5315486807433559,0.7450610713223481,0.7685805097710977,0.9239994588742981,0.9656169012605365,1.016027066568603,1.135481836050227,1.1980717841598618,1.3182833534562999,1.3554183855917046,1.3732352311239333,1.468630654725689,1.5089479778971928,1.5657586020839867,1.616902903702014,1.8135258476239031,1.9089724984923258,2.122892131032566],[1.77,2.403,2.989,3.576,4.1,4.684,5.166,5.639,6.171,6.667,7.216,7.569,7.983,8.365,8.772,9.104,9.337,9.719,9.985],[0.4208325082500119,0.5201836214261281,0.6714752415391019,0.7281648165079097,0.8246211251235297,0.8695654086956315,0.9531232868837085,1.103937951154863,1.1339131360029295,1.2280517090090355,1.3051222164992786,1.367932381369783,1.4179954160715755,1.4566313878260428,1.5472608054235695,1.617771306458361,1.599196985990163,1.6905735713064924,1.8134980011017336],[1.479,1.825,2.039,2.212,2.407,2.575,2.782,3.01,3.21,3.384,3.666,3.866,4.161,4.399,4.584,4.885,5.173,5.37,5.732],[0.4995588053472819,0.5295044853445483,0.5454163547236188,0.5431905742922978,0.5994589226961241,0.6390422521242248,0.6888221831503389,0.7667463726682975,0.808640834981758,0.8213062766106198,0.8924371126303461,0.8865912248607072,0.9874608853012928,1.0284935585602981,1.1004290072512588,1.1652360275926885,1.1794367299690223,1.1415340555585636,1.1858229210130888]],"time_results":[{"time_optimal":{"secs":0,"nanos":3035},"space_optimal_approximated":{"secs":0,"nanos":2462841},"full":{"secs":0,"nanos":1969618}},{"time_optimal":{"secs":0,"nanos":4097},"space_optimal_approximated":{"secs":0,"nanos":2381755},"full":{"secs":0,"nanos":1933017}},{"time_optimal":{"secs":0,"nanos":4840},"space_optimal_approximated":{"secs":0,"nanos":2385359},"full":{"secs":0,"nanos":1953563}},{"time_optimal":{"secs":0,"nanos":6793},"space_optimal_approximated":{"secs":0,"nanos":2421273},"full":{"secs":0,"nanos":2028680}},{"time_optimal":{"secs":0,"nanos":7400},"space_optimal_approximated":{"secs":0,"nanos":2479575},"full":{"secs":0,"nanos":2030311}},{"time_optimal":{"secs":0,"nanos":9244},"space_optimal_approximated":{"secs":0,"nanos":2571079},"full":{"secs":0,"nanos":2113834}},{"time_optimal":{"secs":0,"nanos":13675},"space_optimal_approximated":{"secs":0,"nanos":2629664},"full":{"secs":0,"nanos":2264213}},{"time_optimal":{"secs":0,"nanos":15348},"space_optimal_approximated":{"secs":0,"nanos":2894167},"full":{"secs":0,"nanos":2557196}},{"time_optimal":{"secs":0,"nanos":20644},"space_optimal_approximated":{"secs":0,"nanos":3543296},"full":{"secs":0,"nanos":3417108}},{"time_optimal":{"secs":0,"nanos":28824},"space_optimal_approximated":{"secs":0,"nanos":5082966},"full":{"secs":0,"nanos":5667979}},{"time_optimal":{"secs":0,"nanos":35745},"space_optimal_approximated":{"secs":0,"nanos":6905793},"full":{"secs":0,"nanos":8518807}},{"time_optimal":{"secs":0,"nanos":45465},"space_optimal_approximated":{"secs":0,"nanos":10443896},"full":{"secs":0,"nanos":14905660}},{"time_optimal":{"secs":0,"nanos":44216},"space_optimal_approximated":{"secs":0,"nanos":13666261},"full":{"secs":0,"nanos":25019062}},{"time_optimal":{"secs":0,"nanos":51498},"space_optimal_approximated":{"secs":0,"nanos":20112961},"full":{"secs":0,"nanos":43460813}},{"time_optimal":{"secs":0,"nanos":37803},"space_optimal_approximated":{"secs":0,"nanos":35165050},"full":{"secs":0,