{"max_size":22,"num_average":600,"walltime":120,"ncpus":10,"edge_density":{"reziprocal_square_root":0.5},"correction_density":{"reziprocal_square_root":0.5},"seed":16278451102006087633,"results":[[1.485,1.8466666666666667,2.1816666666666666,2.395,2.651666666666667,2.783333333333333,3.0,3.1666666666666665,3.368333333333333,3.525,3.6933333333333334,3.841666666666667,3.9816666666666665,4.1466666666666665,4.285,4.3566666666666665,4.511666666666667,4.74,4.806666666666667,4.865,4.998333333333333],[0.4997749493522062,0.6427717756370079,0.6648287164542608,0.7063816249025726,0.8064307506262112,0.7829786431030864,0.8103497187428812,0.8259674462242561,0.9179672591595422,0.9107002800043468,0.9760236791298756,0.9468881783094709,0.9702219104697415,1.0190627502214413,1.0553553903780482,1.0228011645585005,1.0098831065469385,1.1101351269102324,1.0797942190786023,1.0708758097930888,1.1142997302740831],[1.7816666666666667,2.546666666666667,3.335,4.118333333333333,4.843333333333334,5.671666666666667,6.4383333333333335,7.15,7.886666666666667,8.713333333333333,9.438333333333333,10.071666666666667,10.861666666666666,11.695,12.261666666666667,13.205,13.756666666666666,14.366666666666667,15.306666666666667,15.965,16.86],[0.41311486161706573,0.6092253733681472,0.7090662874513228,0.8588736163655761,1.0027240675058837,1.0695157263401425,1.153052711525179,1.286144108048031,1.4226110579572429,1.4575626535037485,1.6184963872544056,1.6832103915500933,1.7661249169360052,1.8198832380128134,1.95955706446352,2.001576462025206,2.03161402720978,2.1561282171728298,2.1546745049362404,2.2331834526821406,2.4000833318866266],[1.7583333333333333,2.4583333333333335,2.9966666666666666,3.6816666666666666,4.295,4.788333333333333,5.406666666666666,5.885,6.37,6.851666666666667,7.453333333333333,7.776666666666666,8.358333333333333,8.83,9.508333333333333,9.825,10.555,10.968333333333334,11.398333333333333,11.763333333333334,12.301666666666666],[0.4280933179680416,0.5211499037918182,0.6928123042274087,0.755202327562325,0.8629262231886726,0.9129789458446221,1.0651864729812437,1.133626187653293,1.1831173511814699,1.283094133552,1.3715522431010625,1.5210047848562316,1.5694788590130457,1.6220665830970102,1.8302815508974408,1.7769941849464037,2.0224510706895553,2.110449530839864,2.0329774278683566,2.156537863232538,2.20846792042709],[1.5083333333333333,1.755,2.0416666666666665,2.183333333333333,2.39,2.5883333333333334,2.7666666666666666,2.9133333333333336,3.1883333333333335,3.4,3.683333333333333,4.013333333333334,4.158333333333333,4.48,4.743333333333333,5.1033333333333335,5.326666666666667,5.636666666666667,5.998333333333333,6.245,6.621666666666667],[0.49993055073235415,0.5612263358040122,0.4999305507323561,0.5320296566504112,0.60928920336186,0.6497670522750633,0.7203394261658101,0.7228339289829224,0.8482514695274974,0.8485281374238607,0.9254128207934471,0.9625429283356093,0.9468881783094714,1.059685487931835,1.1390590658765527,1.1087480427140426,1.1874154940691828,1.2266440215301082,1.2916387093748656,1.3171844973275368,1.359606765044782],[1.485,1.8466666666666667,2.1816666666666666,2.395,2.651666666666667,2.783333333333333,3.0,3.1666666666666665,3.368333333333333,3.525,3.6933333333333334],[0.4997749493522062,0.6427717756370079,0.6648287164542608,0.7063816249025726,0.8064307506262112,0.7829786431030864,0.8103497187428812,0.8259674462242561,0.9179672591595422,0.9107002800043468,0.9760236791298756],[1.7816666666666667,2.3516666666666666,2.8116666666666665,3.283333333333333,3.7916666666666665,4.198333333333333,4.658333333333333,4.955,5.355,5.765,6.3116666666666665],[0.41311486161706573,0.5927314362808453,0.732254888834634,0.793550390474496,0.9192010419682685,0.9534134581713306,1.1157645609874658,1.1073880680833337,1.1757160938480566,1.234142752412917,1.3017413550915429],[1.7583333333333333,2.4433333333333334,2.966666666666667,3.6216666666666666,4.1883333333333335,4.67,5.263333333333334,5.696666666666666,6.158333333333333,6.613333333333333,7.225],[0.4280933179680416,0.5197328373522503,0.6749485577105502,0.7383747166731991,0.8283702205066431,0.8781229982183579,1.00199245949702,1.085351965442033,1.1269119555473512,1.272984245341981,1.286225096940656],[1.5083333333333333,1.755,2.0416666666666665,2.1816666666666666,2.3833333333333333,2.5683333333333334,2.7416666666666667,2.8783333333333334,3.1483333333333334,3.348333333333333,3.6016666666666666],[0.49993055073235415,0.5612263358040122,0.4999305507323561,0.5310341064585404,0.6025409160841751,0.6392682448619593,0.7152602478973784,0.7166104629124243,0.8284506959110832,0.8308613335301838,0.8810962237778337]],"time_results":[{"time_optimal":{"secs":0,"nanos":935},"space_optimal_approximated":{"secs":0,"nanos":232562},"full":{"secs":0,"nanos":173424}},{"time_optimal":{"secs":0,"nanos":1317},"space_optimal_approximated":{"secs":0,"nanos":241582},"full":{"secs":0,"nanos":184853}},{"time_optimal":{"secs":0,"nanos":1558},"space_optimal_approximated":{"secs":0,"nanos":257059},"full":{"secs":0,"nanos":190546}},{"time_optimal":{"secs":0,"nanos":2190},"space_optimal_approximated":{"secs":0,"nanos":283405},"full":{"secs":0,"nanos":213630}},{"time_optimal":{"secs":0,"nanos":2281},"space_optimal_approximated":{"secs":0,"nanos":235944},"full":{"secs":0,"nanos":179869}},{"time_optimal":{"secs":0,"nanos":2972},"space_optimal_approximated":{"secs":0,"nanos":263588},"full":{"secs":0,"nanos":215928}},{"time_optimal":{"secs":0,"nanos":4142},"space_optimal_approximated":{"secs":0,"nanos":305432},"full":{"secs":0,"nanos":271978}},{"time_optimal":{"secs":0,"nanos":4576},"space_optimal_approximated":{"secs":0,"nanos":355131},"full":{"secs":0,"nanos":359412}},{"time_optimal":{"secs":0,"nanos":4893},"space_optimal_approximated":{"secs":0,"nanos":515745},"full":{"secs":0,"nanos":607616}},{"time_optimal":{"secs":0,"nanos":5668},"space_optimal_approximated":{"secs":0,"nanos":869945},"full":{"secs":0,"nanos":1163108}},{"time_optimal":{"secs":0,"nanos":6766},"space_optimal_approximated":{"secs":0,"nanos":1622155},"full":{"secs":0,"nanos":2552271}},{"time_optimal":{"secs":0,"nanos":5386},"space_optimal_approximated":{"secs":0,"nanos":3032476},"full":null},{"time_optimal":{"secs":0,"nanos":6002},"space_optimal_approximated":{"secs":0,"nanos":4392235},"full":null},{"time_optimal":{"secs":0,"nanos":8706},"space_optimal_approximated":{"secs":0,"nanos":27070228},"full":null},{"time_optimal":{"secs":0,"nanos":8243},"space_optimal_approximated":{"secs":0,"nanos":21060727},"full":null},{"time_optimal":{"secs":0,"nanos":9302},"space_optimal_approximated":{"secs":0,"nanos":54635387},"full":null},{"time_optimal":{"secs":0,"nanos":9673},"space_optimal_approximated":{"secs":0,"nanos":79860417},"full":null},{"time_optimal":{"secs":0,"nanos":12466},"space_optimal_approximated":{"secs":0,"nanos":178542015},"full":null},{"time_optimal":{"secs":0,"nanos":14597},"space_optimal_approximated":{"secs":0,"nanos":331925941},"full":null},{"time_optimal":{"secs":0,"nanos":14349},"space_optimal_approximated":{"secs":1,"nanos":78635657},"full":null},{"time_optimal":{"secs":0,"nanos":16587},"space_optimal_approximated":{"secs":1,"nanos":491760481},"full":null}]}